feature,coef
bin__sweep_reclaim_strength_atr_4.0,-0.1630585874446154
bin__bos_break_strength_atr_0.0,0.14414319923638158
bin__side_adjusted_di_gap_3.0,0.1326745608034372
num__rr,-0.12208217631299567
bin__ret_5_3.0,-0.12161025589694892
bin__distance_high_60_atr_3.0,-0.12131538399821302
bin__lower_wick_ratio_4.0,0.12102526956109176
bin__atr_vs_median_100_3.0,0.11782614361380978
bin__sweep_to_bos_move_atr_3.0,-0.11670375288164264
bin__bos_break_strength_atr_1.0,-0.11198356892227318
bin__pre_displacement_compression_4.0,-0.11163827030795966
bin__sweep_wick_ratio_2.0,0.10730478309744103
bin__distance_low_60_atr_0.0,-0.10258548026202047
bin__realized_vol_ratio_30_120_3.0,0.1016359190906618
bin__range_30_atr_1.0,0.10050631857122952
bin__atr_regime_ratio_2.0,-0.09998650506646133
bin__trend_efficiency_20_0.0,-0.0952359048174131
bin__trend_efficiency_20_4.0,0.09080254465791723
bin__sa_ret_1_0.0,0.09040010217374617
bin__ret_15_3.0,0.08734167010104142
bin__volume_z50_4.0,0.08544368901668262
bin__distance_high_60_atr_0.0,0.0850412451112546
bin__sweep_wick_ratio_1.0,-0.0846877037845323
bin__sa_ret_30_3.0,0.08467485723432178
missing__missingindicator_fvg_size_atr,0.08331169076507616
bin__atr_regime_ratio_4.0,0.08225817786176114
bin__m5_trend_strength_2.0,-0.08184995444184967
bin__sweep_penetration_atr_1.0,0.08125952722175653
bin__range_expansion_10_30_4.0,0.08123232037923686
bin__realized_vol_ratio_30_120_4.0,-0.08079301536798292
bin__side_adjusted_di_gap_2.0,-0.07725808041950893
bin__m15_trend_strength_4.0,-0.07697927276041211
bin__sweep_to_bos_move_atr_4.0,0.07552320420424528
bin__body_atr_1.0,-0.07499481429833295
bin__displacement_body_atr_1.0,-0.07499481429833295
bin__volume_z50_0.0,-0.07387580485639535
bin__displacement_expansion_ratio_3.0,-0.07364007750421125
bin__utc_hour_sin_4.0,-0.07269994741869466
bin__realized_vol_ratio_30_120_2.0,-0.07060754396749953
bin__m5_trend_strength_1.0,0.07031176680533796
bin__sa_close_location_3_4.0,0.06995374034669773
bin__retest_penetration_pct_0.0,-0.0689892342008361
bin__pre_displacement_compression_0.0,0.06752876874809485
bin__utc_hour_cos_2.0,-0.06660406128447643
cat__utc_block_UTC_18_23,0.06633200435671364
bin__m15_trend_strength_3.0,0.06593816206367473
bin__sa_close_location_3_2.0,-0.0658139963805795
bin__sa_ret_5_atr_0.0,0.06578697273021537
num__sa_m15_dir,0.06539788468130345
bin__ret_5_2.0,0.06405596885356628
num__sweep_to_bos_bars,-0.06380292630173823
bin__utc_hour_cos_1.0,0.063766608572786
bin__adx_slope_3_3.0,-0.06335748811226859
bin__sa_dist_ema20_atr_2.0,-0.06306963280313187
bin__range_10_atr_3.0,-0.062167849541198236
bin__sweep_reclaim_strength_atr_3.0,0.0618764156810435
bin__distance_low_60_atr_2.0,0.060521496593517375
bin__sa_ret_5_atr_4.0,-0.06010980893956113
bin__sweep_reclaim_strength_atr_2.0,0.05972685492745358
bin__sweep_reclaim_strength_atr_0.0,0.05960250058948422
bin__retest_age_bars_4.0,0.05755816901561018
bin__distance_entry_to_sweep_atr_4.0,-0.05753495071864346
bin__ret_5_0.0,0.05688382283665579
bin__upper_wick_ratio_0.0,-0.05643214912524515
bin__sa_ret_1_2.0,-0.055512192740467585
bin__opposing_liquidity_distance_atr_1.0,-0.054946635756479935
bin__lower_wick_ratio_1.0,-0.05471079340289534
bin__side_adjusted_ret_5_0.0,0.054297296727487274
bin__displacement_body_atr_2.0,0.05429274970163429
bin__body_atr_2.0,0.05429274970163429
bin__volume_z50_2.0,0.05366339401048085
bin__upper_wick_ratio_4.0,-0.05366034957500938
bin__ret_15_0.0,-0.05205084956841011
bin__displacement_expansion_ratio_4.0,0.051097396458875836
bin__distance_high_60_atr_1.0,0.05089841280678296
cat__utc_block_UTC_06_11,-0.050834105656683
bin__range_30_atr_4.0,-0.050758739181671605
bin__atr_vs_median_100_4.0,-0.05025649529497622
bin__zone_size_atr_1.0,-0.050177358896030366
bin__upper_wick_ratio_2.0,0.04950462478687456
bin__adx_slope_3_0.0,0.048825381499600626
bin__body_atr_0.0,0.048781702350691555
bin__displacement_body_atr_0.0,0.048781702350691555
bin__sa_ret_15_atr_1.0,0.047799315118001416
bin__range_expansion_10_30_2.0,-0.04736222096358472
bin__sa_rsi14_slope_3_1.0,0.04699922879481609
bin__sa_ret_30_4.0,-0.046722500554343724
bin__atr_vs_median_100_2.0,-0.04629648764487471
bin__displacement_close_location_1.0,-0.0458150861370462
bin__mtf_trend_consistency_1.0,-0.04565997848416339
bin__sa_dist_ema50_atr_4.0,-0.04449165229549211
bin__sa_ret_1_3.0,-0.04432658950214885
bin__nearest_liquidity_distance_atr_2.0,0.04410766302528183
bin__volume_z50_1.0,-0.04408539758293279
bin__distance_entry_to_sweep_atr_3.0,0.04346190544282552
bin__sweep_penetration_atr_4.0,-0.04308135095850429
bin__distance_sweep_to_zone_atr_1.0,-0.042445104205812004
bin__fvg_size_atr_0.0,-0.0424361629402421
bin__fvg_size_atr_1.0,0.04241983852398739
num__day_of_week_cos,0.04233771119178654
bin__realized_vol_ratio_30_120_1.0,0.042280833790861234
bin__sa_ret_30_2.0,0.04183949373358907
bin__sa_rsi14_slope_3_3.0,-0.041720608848239304
bin__sa_ret_30_1.0,-0.0415312770519356
bin__ret_15_1.0,-0.04085675177451746
bin__range_expansion_10_30_3.0,-0.040805606175712876
bin__displacement_close_location_2.0,0.04056289058962122
bin__ob_size_atr_2.0,-0.04030893525314392
bin__distance_sweep_to_zone_atr_4.0,0.04017653743163873
bin__sweep_penetration_atr_0.0,-0.04010114367794244
bin__sa_dist_vwap60_atr_0.0,-0.04001945920716609
bin__sa_bb_percent_b_1.0,-0.039467053169965176
bin__sa_plus_di14_3.0,0.03937876615595026
bin__ret_5_4.0,0.03916311876172132
bin__distance_entry_to_sweep_atr_1.0,0.039026667404491774
bin__ret_5_1.0,-0.0385089789712494
bin__retest_penetration_pct_2.0,0.03840570993412952
bin__sa_ret_30_0.0,-0.03827689777788629
bin__utc_hour_sin_3.0,0.038110168594337794
bin__sa_plus_di14_2.0,-0.03804738716412322
bin__opposing_liquidity_distance_atr_4.0,0.03785904959130227
bin__sa_rsi14_2.0,-0.03762655393658601
num__sa_m5_dir,-0.037528877562212404
bin__side_adjusted_di_gap_4.0,-0.037047237954981334
bin__atr_regime_ratio_1.0,0.03674350864867294
bin__sa_stoch_k14_2.0,0.03666826735735221
bin__upper_wick_ratio_3.0,0.036281827748310146
bin__sa_dist_ema200_atr_3.0,0.03615759326440543
bin__adx14_2.0,-0.03595557572916143
bin__sa_dist_ema20_atr_0.0,0.03577761738403338
bin__atr_vs_median_100_1.0,-0.035177914956387224
bin__range_10_atr_4.0,0.03508978027009403
bin__sweep_wick_ratio_3.0,0.03492788100575157
bin__side_adjusted_ret_15_0.0,0.034607408577645174
bin__mtf_trend_consistency_0.0,0.034523224653421385
bin__bos_distance_atr_0.0,-0.034463252273580415
bin__distance_entry_to_bos_atr_0.0,-0.034463252273580415
bin__distance_low_60_atr_3.0,0.034458707456207646
bin__sa_dist_vwap60_atr_3.0,0.03408631316317459
bin__sa_dist_ema50_atr_3.0,0.03398468905271862
bin__sa_ema20_slope_5_atr_0.0,0.03377942229791339
bin__sweep_age_bars_2.0,0.033763487769762124
bin__sequence_age_bars_2.0,0.033763487769762124
bin__bos_break_strength_atr_3.0,-0.03370164466442427
bin__range_30_atr_2.0,-0.03357882863458847
bin__sweep_wick_ratio_4.0,-0.03357143331895759
bin__side_adjusted_ret_5_3.0,-0.032804825682319155
bin__range_30_atr_0.0,-0.03264626982146094
bin__distance_high_60_atr_4.0,-0.03250157482398352
bin__sa_ema50_slope_10_atr_0.0,-0.032104586120222094
bin__ob_body_quality_1.0,-0.031900846470605204
bin__ob_body_quality_0.0,0.03188452205435015
bin__range_atr_1.0,-0.03168646898883148
bin__m5_trend_strength_3.0,0.030971084956453513
bin__body_atr_3.0,-0.030573720742212068
bin__displacement_body_atr_3.0,-0.030573720742212068
bin__retest_penetration_pct_1.0,0.030567199850451948
bin__bb_width_atr_0.0,-0.03007546237908625
bin__atr_regime_ratio_0.0,-0.029889281835696006
bin__ob_size_atr_0.0,0.029623598191424832
bin__distance_sweep_to_zone_atr_2.0,0.029584752675267157
bin__retest_age_bars_3.0,-0.029576332716367303
bin__sa_ret_3_2.0,0.029263149951049526
bin__liquidity_asymmetry_0.0,-0.02925520948888134
bin__mtf_trend_consistency_2.0,0.029224160770072723
bin__sa_ema50_slope_10_atr_1.0,0.028637941744277657
bin__displacement_range_atr_2.0,-0.028451753562629512
bin__retest_age_bars_1.0,-0.028200279164225937
bin__sa_ret_3_0.0,0.028085375937492753
bin__sa_stoch_k14_4.0,-0.02808040397960197
bin__range_expansion_10_30_0.0,0.028053840315279976
bin__opposing_liquidity_distance_atr_3.0,0.02798882912931945
bin__nearest_liquidity_distance_atr_4.0,-0.027666864176774806
bin__sequence_age_bars_3.0,-0.027517862221390237
bin__sweep_age_bars_3.0,-0.027517862221390237
bin__zone_size_atr_0.0,0.02731099117487813
bin__displacement_body_ratio_1.0,-0.02694613977892979
bin__displacement_expansion_ratio_2.0,0.026869522712413753
bin__sa_dist_ema200_atr_0.0,0.02619553100448292
bin__utc_hour_sin_1.0,0.026164052240133913
bin__lower_wick_ratio_2.0,-0.026139978497175934
bin__sa_ret_5_atr_2.0,-0.025808145827082365
bin__displacement_range_atr_4.0,0.02573194565223944
bin__sa_bb_percent_b_4.0,0.02543213234440266
bin__side_adjusted_ret_5_4.0,-0.0252003173794449
bin__bb_width_atr_3.0,0.025152316775968794
bin__bos_break_strength_atr_4.0,0.025026240159201366
bin__sa_ret_3_3.0,-0.024813063564061582
bin__m15_opposing_distance_atr_0.0,-0.024489096776312072
bin__m15_opposing_distance_atr_1.0,0.02447277236005731
bin__lower_wick_ratio_0.0,-0.024400461629182853
bin__upper_wick_ratio_1.0,0.024289721748814996
bin__side_adjusted_ret_15_3.0,-0.024237691489879167
bin__m15_trend_strength_2.0,0.024192137728941385
bin__distance_entry_to_bos_atr_1.0,0.024187641906749612
bin__bos_distance_atr_1.0,0.024187641906749612
bin__sweep_wick_ratio_0.0,-0.023989851415957643
bin__sa_rsi14_0.0,0.02390818985403844
bin__range_atr_4.0,0.023898872798653475
bin__sweep_to_bos_move_atr_1.0,0.023677752964044948
bin__displacement_body_ratio_3.0,-0.02353268878796779
bin__trend_efficiency_20_3.0,0.023524594509525706
bin__bos_break_strength_atr_2.0,-0.02350055022514052
bin__pre_displacement_compression_3.0,0.02348291365270137
bin__sa_ema20_slope_5_atr_2.0,-0.023125381377462517
bin__liquidity_asymmetry_4.0,0.023102984534048576
bin__sa_dist_ema200_atr_1.0,-0.022902530136839887
missing__missingindicator_m15_opposing_distance_atr,0.022849682095310676
bin__distance_entry_to_bos_atr_4.0,0.022758728336341745
bin__bos_distance_atr_4.0,0.022758728336341745
bin__sa_ret_15_atr_2.0,-0.022685495477326536
bin__sa_ema50_200_gap_atr_3.0,0.022680746925961198
bin__sa_ema50_slope_10_atr_3.0,0.022570995213244543
bin__adx14_3.0,0.02178961953982124
bin__sa_dist_ema20_atr_3.0,0.021685233286794003
bin__zone_size_atr_2.0,0.021615046650121587
bin__sa_dist_ema200_atr_4.0,-0.021491475255739082
bin__sa_ema20_slope_5_atr_1.0,-0.021299821701460386
bin__nearest_liquidity_distance_atr_0.0,-0.021226384647614945
bin__volume_z50_3.0,-0.021162205004090016
bin__range_expansion_10_30_1.0,-0.02113465797147396
bin__range_10_atr_1.0,0.020814710751876502
bin__sa_dist_ema50_atr_2.0,0.020774273961105812
bin__range_atr_2.0,0.020330357245024418
bin__m5_trend_strength_4.0,-0.020131670469690253
bin__adx14_1.0,0.020093148248907854
bin__sa_ret_15_atr_0.0,-0.02005173075661457
bin__side_adjusted_di_gap_0.0,-0.019951292241580272
bin__nearest_liquidity_distance_atr_3.0,0.019804593763650853
bin__sa_dist_ema50_atr_1.0,-0.01963860617427943
bin__retest_age_bars_0.0,0.01957866031150666
bin__retest_age_bars_2.0,-0.019376541862778193
bin__mtf_trend_consistency_4.0,-0.01897089299798905
bin__utc_hour_cos_0.0,-0.018858200769825775
bin__sa_ema20_50_gap_atr_4.0,0.01881474900494376
bin__displacement_body_ratio_2.0,0.01876621703733499
bin__sa_bb_percent_b_2.0,0.01876114180767243
bin__sweep_to_bos_move_atr_0.0,0.01846405562211059
bin__sweep_reclaim_strength_atr_1.0,-0.018163508169620673
bin__distance_entry_to_bos_atr_2.0,-0.018038671716367343
bin__bos_distance_atr_2.0,-0.018038671716367343
bin__sa_dist_ema200_atr_2.0,-0.01797544329256416
bin__sa_minus_di14_0.0,0.017865039800663007
bin__distance_high_60_atr_2.0,0.01786097648790406
bin__midpoint_retest_depth_1.0,-0.01764183335383519
bin__displacement_body_ratio_0.0,0.017607581286366
bin__sa_ema20_slope_5_atr_4.0,0.017592395348885622
bin__distance_sweep_to_zone_atr_0.0,-0.017134039103153573
bin__range_10_atr_0.0,0.017119074474921555
bin__sa_minus_di14_4.0,-0.016937778980669605
bin__opposing_liquidity_distance_atr_2.0,-0.016600194871274766
bin__sa_ret_3_1.0,-0.0165733979566895
bin__sa_ema50_200_gap_atr_4.0,-0.016550884225464035
bin__side_adjusted_ret_15_1.0,-0.016503488595225435
bin__range_30_atr_3.0,0.016461194650236776
bin__sa_minus_di14_2.0,0.016094744016304025
bin__sa_ret_3_4.0,-0.015978388784046022
bin__ret_15_4.0,0.01585419837222951
bin__lower_wick_ratio_3.0,-0.01579036044809238
bin__sa_rsi14_4.0,0.015788382409770898
bin__utc_hour_cos_4.0,0.015474043542346912
bin__sweep_age_bars_0.0,-0.015289493515867267
bin__sequence_age_bars_0.0,-0.015289493515867267
bin__nearest_liquidity_distance_atr_1.0,-0.015035332380797711
bin__sa_rsi14_slope_3_2.0,-0.014724705414136152
bin__sa_minus_di14_1.0,-0.014712838865907827
bin__adx14_4.0,-0.014687520353387714
bin__sweep_penetration_atr_2.0,0.014675288149874594
bin__sa_ema20_50_gap_atr_3.0,-0.014516972239064119
bin__m15_trend_strength_0.0,-0.014495565328770823
bin__displacement_close_location_3.0,-0.014488077978303033
num__htf_alignment_count,0.014443736913564422
bin__sa_dist_ema20_atr_4.0,0.014281094326919912
bin__displacement_body_ratio_4.0,0.014088705826941753
bin__pre_displacement_compression_2.0,0.013935633933578226
bin__sa_ema20_50_gap_atr_0.0,0.013902320206096089
bin__atr_vs_median_100_0.0,0.013888429866173545
bin__displacement_close_location_0.0,0.013648821030097598
bin__midpoint_retest_depth_0.0,0.013255276874403355
cat__utc_block_UTC_00_05,-0.013210886130434968
missing__missingindicator_liquidity_asymmetry,0.013030825053505451
missing__missingindicator_nearest_liquidity_distance_atr,0.013030825053505451
bin__distance_entry_to_sweep_atr_2.0,-0.013006655748405987
bin__bb_width_atr_1.0,0.012983184850415979
bin__ob_size_atr_1.0,0.012837793386435623
bin__sa_ret_5_atr_3.0,0.012809281020677596
bin__sweep_penetration_atr_3.0,-0.012768645151439188
bin__displacement_range_atr_3.0,0.012746600148729867
num__day_of_week_sin,0.012651146574473282
bin__side_adjusted_ret_5_1.0,0.012544119377051704
bin__utc_hour_sin_0.0,0.012301171657132636
bin__sa_ema50_200_gap_atr_1.0,0.012067155143247974
bin__distance_entry_to_sweep_atr_0.0,-0.011963290796522549
bin__sequence_age_bars_1.0,0.011949543385281982
bin__sweep_age_bars_1.0,0.011949543385281982
cat__sl_mode_STRUCTURAL_ATR_BOUNDED,-0.011768421906012478
cat__sl_mode_STRUCTURAL,0.011752097489757871
bin__sa_ema50_200_gap_atr_2.0,-0.011528551582703222
bin__distance_low_60_atr_1.0,0.011522288063825801
bin__liquidity_asymmetry_2.0,-0.011450973001069734
bin__liquidity_asymmetry_1.0,0.011301994027054866
bin__sa_stoch_k14_1.0,-0.011241854406120534
bin__sa_close_location_3_1.0,0.011241685369439874
bin__sa_ema50_slope_10_atr_2.0,-0.011155213336880191
bin__trend_efficiency_20_2.0,-0.010903783532745827
bin__range_10_atr_2.0,-0.010872040371948765
bin__atr_regime_ratio_3.0,0.010857775975468534
cat__family_B_FVG_RETEST_SEQUENCE,-0.010801352938348132
missing__missingindicator_fvg_to_displacement_ratio,0.010785028522093523
missing__missingindicator_fvg_fill_depth,0.010785028522093523
bin__sa_stoch_k14_0.0,0.010479852409214552
bin__ret_15_2.0,-0.010304591546598183
bin__distance_sweep_to_zone_atr_3.0,-0.010198471214195046
bin__sa_ema20_50_gap_atr_2.0,-0.009689747419931161
bin__sa_dist_ema50_atr_0.0,0.009354971039692336
bin__side_adjusted_ret_15_4.0,0.008927136058203815
bin__sa_ret_15_atr_3.0,-0.008868160735496412
bin__side_adjusted_ret_5_2.0,-0.008852597459029743
bin__adx14_0.0,0.008744003877565297
bin__sa_dist_ema20_atr_1.0,-0.008690636610870283
bin__sa_close_location_3_3.0,-0.008531954605825294
bin__sa_ema20_50_gap_atr_1.0,-0.008526673968299278
cat__candidate_gate_reason_RELAXED_SECOND_WITH_STRONG_COMPENSATION,0.008336092486188289
bin__trend_efficiency_20_1.0,-0.00820377523353873
bin__adx_slope_3_1.0,0.008200242060404895
bin__sa_ema50_slope_10_atr_4.0,-0.007965461916674561
bin__sa_stoch_k14_3.0,-0.00784218579709904
bin__ob_to_bos_distance_atr_1.0,-0.007764212245245174
bin__ob_to_bos_distance_atr_0.0,0.007747887828990244
bin__displacement_range_atr_0.0,-0.007547638108929153
bin__realized_vol_ratio_30_120_0.0,0.007467482037704669
bin__bb_width_atr_4.0,-0.0073811962508380045
bin__sa_ret_5_atr_1.0,0.00730537659949574
bin__sa_ema20_slope_5_atr_3.0,-0.006962938984130881
bin__sa_close_location_3_0.0,-0.00686579914598769
bin__sa_rsi14_slope_3_4.0,0.006750698270450473
bin__sa_ema50_200_gap_atr_0.0,-0.006684790677296582
bin__pre_displacement_compression_1.0,0.006674629557330458
bin__range_atr_3.0,-0.006434175671155596
bin__liquidity_asymmetry_3.0,0.006284879512592724
bin__utc_hour_cos_3.0,0.006205285522914417
bin__range_atr_0.0,-0.006124909799945645
bin__displacement_close_location_4.0,0.006075128079375587
bin__sa_dist_vwap60_atr_1.0,0.005930413727454561
bin__sa_ret_1_4.0,0.0057973772060564
bin__sa_rsi14_3.0,-0.005687906269382378
bin__opposing_liquidity_distance_atr_0.0,0.005682627490878014
missing__missingindicator_ob_to_bos_distance_atr,-0.005553959468839623
missing__missingindicator_ob_body_quality,-0.005553959468839623
bin__bos_distance_atr_3.0,0.005539229330601655
bin__distance_entry_to_bos_atr_3.0,0.005539229330601655
cat__family_A_OB_RETEST_SEQUENCE,0.0055376350525850136
bin__adx_slope_3_4.0,0.005460301776087024
bin__sa_plus_di14_4.0,-0.005309574563827317
missing__missingindicator_midpoint_retest_depth,-0.0052637178857633075
bin__midpoint_retest_depth_3.0,0.00525093735114998
cat__family_C_DISPLACEMENT_MID_RETEST,0.0052473934695087005
cat__candidate_tier_CORE,-0.005052038171235193
cat__candidate_gate_reason_CORE_GATE,-0.005052038171235193
cat__candidate_tier_EXPANDED,0.005035713754980242
num__confluence_count,-0.004312077187069771
bin__distance_low_60_atr_4.0,-0.003933336267785103
bin__utc_hour_sin_2.0,-0.0038917694891644305
bin__sa_ret_15_atr_4.0,0.0037897474351814226
bin__sa_ret_1_1.0,0.003624978446559181
bin__sa_rsi14_1.0,0.003601563525904249
bin__sa_plus_di14_1.0,0.0035514060992326924
bin__displacement_expansion_ratio_1.0,-0.003458444659358422
cat__candidate_gate_reason_RELAXED_SWEEP_WITH_STRONG_COMPENSATION,-0.0033003787312080547
bin__sa_bb_percent_b_0.0,-0.00304923906737702
bin__sequence_age_bars_4.0,-0.0029219998340414086
bin__sweep_age_bars_4.0,-0.0029219998340414086
cat__side_SELL,-0.0029102479426501
cat__side_BUY,0.0028939235263953896
bin__side_adjusted_ret_15_2.0,-0.002809688966999218
bin__sa_rsi14_slope_3_0.0,0.002679062780854124
bin__displacement_range_atr_1.0,-0.0024954785456653707
bin__displacement_body_atr_4.0,0.0024777585719644507
bin__body_atr_4.0,0.0024777585719644507
bin__ob_size_atr_4.0,-0.0024170038219783765
bin__sa_minus_di14_3.0,-0.002325490386644353
cat__utc_block_UTC_12_17,-0.0023033369858504755
bin__fvg_to_displacement_ratio_1.0,-0.0021009841530301608
bin__fvg_to_displacement_ratio_0.0,0.002084659736775124
bin__sa_bb_percent_b_3.0,-0.0016933063309875784
bin__side_adjusted_di_gap_1.0,0.001565725396378695
bin__m15_trend_strength_1.0,0.0013282138803121899
bin__zone_size_atr_3.0,0.0012349966547759506
bin__sweep_to_bos_move_atr_2.0,-0.0009775843250129286
bin__displacement_expansion_ratio_0.0,-0.0008847214239746372
bin__midpoint_retest_depth_2.0,-0.0008807052879728289
bin__mtf_trend_consistency_3.0,0.0008671616424034322
bin__adx_slope_3_2.0,0.0008552383599213874
bin__bb_width_atr_2.0,-0.0006951674127153018
bin__m5_trend_strength_0.0,0.0006824487334937476
bin__sa_plus_di14_0.0,0.00041046505651292574
bin__sa_dist_vwap60_atr_4.0,-0.00031444433562717816
bin__sa_dist_vwap60_atr_2.0,0.0003008522359094523
bin__ob_size_atr_3.0,0.0002482230810071009
bin__fvg_fill_depth_0.0,-1.632441625495977e-05
