feature,importance
sa_ema20_50_gap_atr,2.812001833451602
side_adjusted_di_gap,2.7568612387986886
h1_trend_aligned,2.3640864643800974
h4_trend_aligned,1.941959846648783
sweep_to_bos_move_atr,1.8283409848412953
adx_slope_3,1.5951210834846332
d1_atr_regime,1.5895743511776697
asia_discount_aligned,1.575922089226688
day_range_used_d1atr,1.5565800293460743
bos_break_strength_atr,1.5222611205231582
rr,1.481239721587192
plus_di14,1.4717608542118799
h1_adx14,1.4634640324556951
bos_distance_atr,1.4354141573600525
h4_rsi_aligned,1.4139067249171482
sa_ema50_slope_10_atr,1.3262817079782436
realized_vol_ratio_30_120,1.323319047442342
sa_dist_ema50_atr,1.2858642937388196
sweep_wick_ratio,1.2850007275173747
range_expansion_10_30,1.2824587616216487
asia_range_d1atr,1.274562118116239
ret_5,1.263656354778149
ema20_50_gap_atr,1.241157011924241
stoch_k14,1.2357678054740064
range_10_atr,1.2178370651459534
sweep_penetration_atr,1.1959386137176713
trend_efficiency_20,1.1776952763861648
sa_ema50_200_gap_atr,1.1627004037095965
bb_width_atr,1.1592652812964068
displacement_expansion_ratio,1.1480422042264886
m15_trend_strength,1.1415418550432501
ret_15_atr,1.1397583518229977
sa_rsi14,1.1265426213524048
h4_discount_aligned,1.1261761603392066
ema50_200_gap_atr,1.1056647369170778
day_discount_aligned,1.1016410761120894
distance_entry_to_bos_atr,1.0797890401046166
h1_swing_against_r,1.0512194618490334
m5_trend_strength,1.0200533261685474
sa_ema20_slope_5_atr,0.9511334458878945
adx14,0.9310186810705791
ret_30,0.8696419335731371
utc_hour_cos,0.8639162885186007
upper_wick_ratio,0.8498044605041519
sa_ret_30,0.847629851629436
dist_ema200_atr,0.8436852433392545
m1_atr_to_d1atr,0.8328921019707323
d1_trend_aligned,0.8321510623803994
volume_z50,0.8303532673743832
pd_against_d1atr,0.8270407023393237
dist_ema50_atr,0.79276197351946
nearest_liquidity_distance_atr,0.7821128652231563
pre_displacement_compression,0.7762469922902231
close_location_3,0.7740751292217579
range_30_atr,0.7617441252534793
sa_ret_3,0.7412948750944741
activity_ratio_60_1440,0.7382077413256976
sa_minus_di14,0.7090068507379274
utc_hour_sin,0.69497814153144
ret_5_atr,0.692520330387811
distance_low_60_atr,0.683402428386105
sa_close_location_3,0.6772860144257005
risk_d1atr,0.6754777198182187
atr_vs_median_100,0.6679743574022776
mtf_trend_consistency,0.6607631460354848
h1_rsi_aligned,0.6406010028495054
sweep_reclaim_strength_atr,0.6331487190115205
side_adjusted_ret_5,0.6263079666240645
h1_dist_ema50_aligned,0.6230773389176406
ret_15,0.6191693278595767
displacement_range_atr,0.6129664097274791
session_minutes,0.6007216890758488
sa_rsi14_slope_3,0.5868865761593592
ret_1,0.5738784113744946
distance_entry_to_sweep_atr,0.5698342773340314
minus_di14,0.543675552665408
day_open_move_aligned,0.543151456912127
h4_dist_ema50_aligned,0.5396893573001073
distance_high_60_atr,0.5289265224596928
displacement_close_location,0.5202321934127442
sa_ret_15_atr,0.49800557252358757
pw_target_d1atr,0.49504936100105873
pd_target_r,0.4941432586760872
rsi14,0.48815552177519084
lower_wick_ratio,0.4844912637156948
ob_size_atr,0.4716667323108244
sa_ret_5_atr,0.47030010644203596
atr_regime_ratio,0.4662599881081822
sa_plus_di14,0.45911231077860093
ema20_slope_5_atr,0.44812632380878903
first_liquidity_target_r,0.43852683358738137
body_atr,0.43813389443957657
sa_dist_ema200_atr,0.41800581047964075
sa_stoch_k14,0.4168291014561358
sa_dist_vwap60_atr,0.38357939758310633
ema50_slope_10_atr,0.3700605228534686
sa_ret_1,0.3663954741088986
side_adjusted_ret_15,0.3580246461488384
opposing_liquidity_distance_atr,0.34890095311147273
dist_vwap60_atr,0.3393617271423472
sa_bb_percent_b,0.3343412384183514
displacement_body_ratio,0.3313550903112694
risk_atr,0.3188875463310558
bb_percent_b,0.29632166045239844
displacement_body_atr,0.29323822361390384
utc_hour,0.2605308550119757
pd_target_d1atr,0.25962674351907933
retest_penetration_pct,0.2582289053326199
sequence_age_bars,0.24990600180058042
range_atr,0.24300452355104254
ret_3,0.23867440152189018
h1_structure_aligned,0.23575749803979898
pw_against_d1atr,0.2300036954340243
sweep_to_bos_bars,0.2265499138405351
sa_dist_ema20_atr,0.22064753176769952
distance_sweep_to_zone_atr,0.21959995187263168
h1_swing_target_r,0.21594680585047726
m15_opposing_distance_atr,0.21334848189080213
day_of_week_cos,0.19971513487089027
m15_dir,0.19542621963000814
fvg_size_atr,0.19464473496107515
liquidity_asymmetry,0.17130825624422236
htf_trend_agreement,0.17109641471070647
dist_ema20_atr,0.16566465130759028
rsi14_slope_3,0.15822466198759216
ob_to_bos_distance_atr,0.14310363610394872
retest_age_bars,0.13553024795351612
m5_dir,0.1250425248377191
ob_body_quality,0.12360282963162386
sweep_age_bars,0.10168714138591177
htf_alignment_count,0.09870421400082134
day_of_week,0.0904520429912834
day_of_week_sin,0.07778759271729768
zone_size_atr,0.05689871955421685
confluence_count,0.04013720724675078
sa_m5_dir,0.03179015394809525
session,0.02420944747388974
side,0.015402080395167092
midpoint_retest_depth,0.014838733253506136
fvg_fill_depth,0.005885509155103582
candidate_tier,0.005744671174970731
fvg_to_displacement_ratio,0.0041909397351187466
pd_target_swept_today,0.0
pd_against_swept_today,0.0
sa_m15_dir,0.0
utc_block,0.0
family,0.0
candidate_gate_reason,0.0
sl_mode,0.0
