symbol,family,rr,sl_mode,quality_score,quality_band,trades,wins,losses,timeout,period_end,wr_pct,pf,closed_r,avg_r_closed
XAUUSD,A_OB_RETEST_SEQUENCE,1.5,STRUCTURAL,1,LOW,22,8,14,0,0,36.36363636363637,0.8571428571428548,-2.0000000000000338,-0.09090909090909244
XAUUSD,A_OB_RETEST_SEQUENCE,1.5,STRUCTURAL,2,MEDIUM,28,10,18,0,0,35.714285714285715,0.8333333333333093,-3.0000000000004334,-0.10714285714287262
XAUUSD,A_OB_RETEST_SEQUENCE,1.5,STRUCTURAL,3,HIGH,29,9,20,0,0,31.03448275862069,0.6750000000000062,-6.499999999999877,-0.22413793103447854
XAUUSD,A_OB_RETEST_SEQUENCE,1.5,STRUCTURAL,0,LOW,8,2,6,0,0,25.0,0.5,-3.0,-0.375
XAUUSD,A_OB_RETEST_SEQUENCE,1.5,STRUCTURAL,4,VERY_HIGH,22,6,14,2,0,30.0,0.6428571428571266,-5.000000000000229,-0.25000000000001144
XAUUSD,A_OB_RETEST_SEQUENCE,1.5,STRUCTURAL_ATR_BOUNDED,2,MEDIUM,41,17,23,1,0,42.5,1.1086956521738716,2.4999999999990514,0.06249999999997628
XAUUSD,A_OB_RETEST_SEQUENCE,1.5,STRUCTURAL_ATR_BOUNDED,1,LOW,27,10,17,0,0,37.03703703703704,0.8823529411764927,-1.9999999999996252,-0.07407407407406019
XAUUSD,A_OB_RETEST_SEQUENCE,1.5,STRUCTURAL_ATR_BOUNDED,3,HIGH,49,18,31,0,0,36.734693877551024,0.8709677419354966,-3.9999999999996048,-0.08163265306121642
XAUUSD,A_OB_RETEST_SEQUENCE,1.5,STRUCTURAL_ATR_BOUNDED,0,LOW,8,2,6,0,0,25.0,0.5,-3.0,-0.375
XAUUSD,A_OB_RETEST_SEQUENCE,1.5,STRUCTURAL_ATR_BOUNDED,4,VERY_HIGH,40,11,27,2,0,28.947368421052634,0.6111111111111035,-10.500000000000204,-0.27631578947368957
XAUUSD,A_OB_RETEST_SEQUENCE,2.0,STRUCTURAL,1,LOW,22,7,15,0,0,31.818181818181817,0.9333333333333333,-1.0,-0.045454545454545456
XAUUSD,A_OB_RETEST_SEQUENCE,2.0,STRUCTURAL,2,MEDIUM,28,6,22,0,0,21.428571428571427,0.5454545454545454,-10.0,-0.35714285714285715
XAUUSD,A_OB_RETEST_SEQUENCE,2.0,STRUCTURAL,3,HIGH,29,7,22,0,0,24.137931034482758,0.6363636363636364,-8.0,-0.27586206896551724
XAUUSD,A_OB_RETEST_SEQUENCE,2.0,STRUCTURAL,0,LOW,8,1,6,1,0,14.285714285714285,0.3333333333333333,-4.0,-0.5714285714285714
XAUUSD,A_OB_RETEST_SEQUENCE,2.0,STRUCTURAL,4,VERY_HIGH,22,5,14,3,0,26.31578947368421,0.7142857142857143,-4.0,-0.21052631578947367
XAUUSD,A_OB_RETEST_SEQUENCE,2.0,STRUCTURAL_ATR_BOUNDED,2,MEDIUM,41,12,28,1,0,30.0,0.8571428571428571,-4.0,-0.1
XAUUSD,A_OB_RETEST_SEQUENCE,2.0,STRUCTURAL_ATR_BOUNDED,1,LOW,27,9,18,0,0,33.33333333333333,1.0,0.0,0.0
XAUUSD,A_OB_RETEST_SEQUENCE,2.0,STRUCTURAL_ATR_BOUNDED,3,HIGH,49,15,33,1,0,31.25,0.9090909090909091,-3.0,-0.0625
XAUUSD,A_OB_RETEST_SEQUENCE,2.0,STRUCTURAL_ATR_BOUNDED,0,LOW,8,1,6,1,0,14.285714285714285,0.3333333333333333,-4.0,-0.5714285714285714
XAUUSD,A_OB_RETEST_SEQUENCE,2.0,STRUCTURAL_ATR_BOUNDED,4,VERY_HIGH,40,9,27,4,0,25.0,0.6666666666666666,-9.0,-0.25
XAUUSD,A_OB_RETEST_SEQUENCE,2.5,STRUCTURAL,1,LOW,22,6,15,1,0,28.57142857142857,0.9999999999999921,-1.1945999744966684e-13,-5.688571307126993e-15
XAUUSD,A_OB_RETEST_SEQUENCE,2.5,STRUCTURAL,2,MEDIUM,28,5,23,0,0,17.857142857142858,0.543478260869571,-10.499999999999867,-0.3749999999999952
XAUUSD,A_OB_RETEST_SEQUENCE,2.5,STRUCTURAL,3,HIGH,29,6,22,1,0,21.428571428571427,0.6818181818181673,-7.00000000000032,-0.25000000000001144
XAUUSD,A_OB_RETEST_SEQUENCE,2.5,STRUCTURAL,0,LOW,8,1,6,1,0,14.285714285714285,0.4166666666666667,-3.5,-0.5
XAUUSD,A_OB_RETEST_SEQUENCE,2.5,STRUCTURAL,4,VERY_HIGH,22,4,15,3,0,21.052631578947366,0.6666666666666797,-4.999999999999804,-0.26315789473683177
XAUUSD,A_OB_RETEST_SEQUENCE,2.5,STRUCTURAL_ATR_BOUNDED,2,MEDIUM,41,9,30,2,0,23.076923076923077,0.7500000000000192,-7.499999999999426,-0.1923076923076776
XAUUSD,A_OB_RETEST_SEQUENCE,2.5,STRUCTURAL_ATR_BOUNDED,1,LOW,27,8,18,1,0,30.76923076923077,1.1111111111110816,1.9999999999994724,0.07692307692305664
XAUUSD,A_OB_RETEST_SEQUENCE,2.5,STRUCTURAL_ATR_BOUNDED,3,HIGH,49,10,36,3,0,21.73913043478261,0.6944444444444267,-11.00000000000064,-0.2391304347826226
XAUUSD,A_OB_RETEST_SEQUENCE,2.5,STRUCTURAL_ATR_BOUNDED,0,LOW,8,1,6,1,0,14.285714285714285,0.4166666666666667,-3.5,-0.5
XAUUSD,A_OB_RETEST_SEQUENCE,2.5,STRUCTURAL_ATR_BOUNDED,4,VERY_HIGH,40,7,29,4,0,19.444444444444446,0.603448275862075,-11.499999999999826,-0.3194444444444396
XAUUSD,B_FVG_RETEST_SEQUENCE,1.5,STRUCTURAL,3,HIGH,19,5,12,2,0,29.411764705882355,0.6249999999999802,-4.500000000000237,-0.2647058823529551
XAUUSD,B_FVG_RETEST_SEQUENCE,1.5,STRUCTURAL,4,VERY_HIGH,6,0,6,0,0,0.0,0.0,-6.0,-1.0
XAUUSD,B_FVG_RETEST_SEQUENCE,1.5,STRUCTURAL,2,MEDIUM,6,1,5,0,0,16.666666666666664,0.3,-3.5,-0.5833333333333334
XAUUSD,B_FVG_RETEST_SEQUENCE,1.5,STRUCTURAL,1,LOW,4,1,3,0,0,25.0,0.5,-1.5,-0.375
XAUUSD,B_FVG_RETEST_SEQUENCE,1.5,STRUCTURAL,0,LOW,3,1,2,0,0,33.33333333333333,0.7500000000000783,-0.49999999999984346,-0.16666666666661448
XAUUSD,B_FVG_RETEST_SEQUENCE,1.5,STRUCTURAL_ATR_BOUNDED,2,MEDIUM,7,2,5,0,0,28.57142857142857,0.6,-2.0,-0.2857142857142857
XAUUSD,B_FVG_RETEST_SEQUENCE,1.5,STRUCTURAL_ATR_BOUNDED,3,HIGH,24,6,15,3,0,28.57142857142857,0.5999999999999867,-6.000000000000201,-0.28571428571429525
XAUUSD,B_FVG_RETEST_SEQUENCE,1.5,STRUCTURAL_ATR_BOUNDED,4,VERY_HIGH,10,0,10,0,0,0.0,0.0,-10.0,-1.0
XAUUSD,B_FVG_RETEST_SEQUENCE,1.5,STRUCTURAL_ATR_BOUNDED,1,LOW,4,1,3,0,0,25.0,0.5,-1.5,-0.375
XAUUSD,B_FVG_RETEST_SEQUENCE,1.5,STRUCTURAL_ATR_BOUNDED,0,LOW,4,1,2,1,0,33.33333333333333,0.7500000000000783,-0.49999999999984346,-0.16666666666661448
XAUUSD,B_FVG_RETEST_SEQUENCE,2.0,STRUCTURAL,3,HIGH,19,4,13,2,0,23.52941176470588,0.6153846153846154,-5.0,-0.29411764705882354
XAUUSD,B_FVG_RETEST_SEQUENCE,2.0,STRUCTURAL,4,VERY_HIGH,6,0,6,0,0,0.0,0.0,-6.0,-1.0
XAUUSD,B_FVG_RETEST_SEQUENCE,2.0,STRUCTURAL,2,MEDIUM,6,0,6,0,0,0.0,0.0,-6.0,-1.0
XAUUSD,B_FVG_RETEST_SEQUENCE,2.0,STRUCTURAL,1,LOW,4,1,3,0,0,25.0,0.6666666666666666,-1.0,-0.25
XAUUSD,B_FVG_RETEST_SEQUENCE,2.0,STRUCTURAL,0,LOW,3,0,3,0,0,0.0,0.0,-3.0,-1.0
XAUUSD,B_FVG_RETEST_SEQUENCE,2.0,STRUCTURAL_ATR_BOUNDED,2,MEDIUM,7,1,6,0,0,14.285714285714285,0.3333333333333333,-4.0,-0.5714285714285714
XAUUSD,B_FVG_RETEST_SEQUENCE,2.0,STRUCTURAL_ATR_BOUNDED,3,HIGH,24,5,16,3,0,23.809523809523807,0.625,-6.0,-0.2857142857142857
XAUUSD,B_FVG_RETEST_SEQUENCE,2.0,STRUCTURAL_ATR_BOUNDED,4,VERY_HIGH,10,0,10,0,0,0.0,0.0,-10.0,-1.0
XAUUSD,B_FVG_RETEST_SEQUENCE,2.0,STRUCTURAL_ATR_BOUNDED,1,LOW,4,1,3,0,0,25.0,0.6666666666666666,-1.0,-0.25
XAUUSD,B_FVG_RETEST_SEQUENCE,2.0,STRUCTURAL_ATR_BOUNDED,0,LOW,4,0,3,1,0,0.0,0.0,-3.0,-1.0
XAUUSD,B_FVG_RETEST_SEQUENCE,2.5,STRUCTURAL,3,HIGH,19,3,14,2,0,17.647058823529413,0.5357142857142984,-6.499999999999822,-0.3823529411764601
XAUUSD,B_FVG_RETEST_SEQUENCE,2.5,STRUCTURAL,4,VERY_HIGH,6,0,6,0,0,0.0,0.0,-6.0,-1.0
XAUUSD,B_FVG_RETEST_SEQUENCE,2.5,STRUCTURAL,2,MEDIUM,6,0,6,0,0,0.0,0.0,-6.0,-1.0
XAUUSD,B_FVG_RETEST_SEQUENCE,2.5,STRUCTURAL,1,LOW,4,1,3,0,0,25.0,0.8333333333333334,-0.5,-0.125
XAUUSD,B_FVG_RETEST_SEQUENCE,2.5,STRUCTURAL,0,LOW,3,0,3,0,0,0.0,0.0,-3.0,-1.0
XAUUSD,B_FVG_RETEST_SEQUENCE,2.5,STRUCTURAL_ATR_BOUNDED,2,MEDIUM,7,1,6,0,0,14.285714285714285,0.4166666666666667,-3.5,-0.5
XAUUSD,B_FVG_RETEST_SEQUENCE,2.5,STRUCTURAL_ATR_BOUNDED,3,HIGH,24,4,17,3,0,19.047619047619047,0.5882352941176554,-6.999999999999858,-0.33333333333332654
XAUUSD,B_FVG_RETEST_SEQUENCE,2.5,STRUCTURAL_ATR_BOUNDED,4,VERY_HIGH,10,0,10,0,0,0.0,0.0,-10.0,-1.0
XAUUSD,B_FVG_RETEST_SEQUENCE,2.5,STRUCTURAL_ATR_BOUNDED,1,LOW,4,1,3,0,0,25.0,0.8333333333333334,-0.5,-0.125
XAUUSD,B_FVG_RETEST_SEQUENCE,2.5,STRUCTURAL_ATR_BOUNDED,0,LOW,4,0,3,1,0,0.0,0.0,-3.0,-1.0
XAUUSD,C_DISPLACEMENT_MID_RETEST,1.5,STRUCTURAL,1,LOW,34,10,24,0,0,29.411764705882355,0.6250000000000046,-8.99999999999989,-0.26470588235293796
XAUUSD,C_DISPLACEMENT_MID_RETEST,1.5,STRUCTURAL,2,MEDIUM,43,18,25,0,0,41.86046511627907,1.080000000000017,2.0000000000004277,0.04651162790698669
XAUUSD,C_DISPLACEMENT_MID_RETEST,1.5,STRUCTURAL,4,VERY_HIGH,26,3,22,1,0,12.0,0.2045454545454524,-17.500000000000046,-0.7000000000000018
XAUUSD,C_DISPLACEMENT_MID_RETEST,1.5,STRUCTURAL,3,HIGH,40,15,25,0,0,37.5,0.9000000000000089,-2.499999999999778,-0.06249999999999445
XAUUSD,C_DISPLACEMENT_MID_RETEST,1.5,STRUCTURAL,0,LOW,13,7,6,0,0,53.84615384615385,1.750000000000016,4.500000000000095,0.3461538461538535
XAUUSD,C_DISPLACEMENT_MID_RETEST,1.5,STRUCTURAL_ATR_BOUNDED,2,MEDIUM,59,24,35,0,0,40.67796610169492,1.0285714285714445,1.0000000000005524,0.016949152542382245
XAUUSD,C_DISPLACEMENT_MID_RETEST,1.5,STRUCTURAL_ATR_BOUNDED,4,VERY_HIGH,36,4,31,1,0,11.428571428571429,0.19354838709677727,-24.999999999999908,-0.7142857142857116
XAUUSD,C_DISPLACEMENT_MID_RETEST,1.5,STRUCTURAL_ATR_BOUNDED,1,LOW,49,14,34,1,0,29.166666666666668,0.6176470588235338,-12.999999999999847,-0.27083333333333015
XAUUSD,C_DISPLACEMENT_MID_RETEST,1.5,STRUCTURAL_ATR_BOUNDED,0,LOW,21,9,12,0,0,42.857142857142854,1.125000000000008,1.500000000000095,0.07142857142857595
XAUUSD,C_DISPLACEMENT_MID_RETEST,1.5,STRUCTURAL_ATR_BOUNDED,3,HIGH,63,26,37,0,0,41.269841269841265,1.054054054054069,2.000000000000556,0.03174603174604057
XAUUSD,C_DISPLACEMENT_MID_RETEST,2.0,STRUCTURAL,1,LOW,34,9,25,0,0,26.47058823529412,0.72,-7.0,-0.20588235294117646
XAUUSD,C_DISPLACEMENT_MID_RETEST,2.0,STRUCTURAL,2,MEDIUM,43,12,31,0,0,27.906976744186046,0.7741935483870968,-7.0,-0.16279069767441862
XAUUSD,C_DISPLACEMENT_MID_RETEST,2.0,STRUCTURAL,4,VERY_HIGH,26,2,23,1,0,8.0,0.17391304347826086,-19.0,-0.76
XAUUSD,C_DISPLACEMENT_MID_RETEST,2.0,STRUCTURAL,3,HIGH,40,12,28,0,0,30.0,0.8571428571428571,-4.0,-0.1
XAUUSD,C_DISPLACEMENT_MID_RETEST,2.0,STRUCTURAL,0,LOW,13,7,6,0,0,53.84615384615385,2.3333333333333335,8.0,0.6153846153846154
XAUUSD,C_DISPLACEMENT_MID_RETEST,2.0,STRUCTURAL_ATR_BOUNDED,2,MEDIUM,59,17,42,0,0,28.8135593220339,0.8095238095238095,-8.0,-0.13559322033898305
XAUUSD,C_DISPLACEMENT_MID_RETEST,2.0,STRUCTURAL_ATR_BOUNDED,4,VERY_HIGH,36,3,32,1,0,8.571428571428571,0.1875,-26.0,-0.7428571428571429
XAUUSD,C_DISPLACEMENT_MID_RETEST,2.0,STRUCTURAL_ATR_BOUNDED,1,LOW,49,13,35,1,0,27.083333333333332,0.7428571428571429,-9.0,-0.1875
XAUUSD,C_DISPLACEMENT_MID_RETEST,2.0,STRUCTURAL_ATR_BOUNDED,0,LOW,21,9,12,0,0,42.857142857142854,1.5,6.0,0.2857142857142857
XAUUSD,C_DISPLACEMENT_MID_RETEST,2.0,STRUCTURAL_ATR_BOUNDED,3,HIGH,63,20,41,2,0,32.78688524590164,0.975609756097561,-1.0,-0.01639344262295082
XAUUSD,C_DISPLACEMENT_MID_RETEST,2.5,STRUCTURAL,1,LOW,34,9,25,0,0,26.47058823529412,0.8999999999999956,-2.50000000000011,-0.07352941176470912
XAUUSD,C_DISPLACEMENT_MID_RETEST,2.5,STRUCTURAL,2,MEDIUM,43,9,33,1,0,21.428571428571427,0.681818181818178,-10.500000000000126,-0.250000000000003
XAUUSD,C_DISPLACEMENT_MID_RETEST,2.5,STRUCTURAL,4,VERY_HIGH,26,1,23,2,0,4.166666666666666,0.10869565217390818,-20.500000000000114,-0.8541666666666714
XAUUSD,C_DISPLACEMENT_MID_RETEST,2.5,STRUCTURAL,3,HIGH,40,9,30,1,0,23.076923076923077,0.7499999999999887,-7.500000000000339,-0.192307692307701
XAUUSD,C_DISPLACEMENT_MID_RETEST,2.5,STRUCTURAL,0,LOW,13,4,7,2,0,36.36363636363637,1.4285714285713822,2.999999999999675,0.2727272727272432
XAUUSD,C_DISPLACEMENT_MID_RETEST,2.5,STRUCTURAL_ATR_BOUNDED,2,MEDIUM,59,13,45,1,0,22.413793103448278,0.7222222222222194,-12.50000000000012,-0.21551724137931244
XAUUSD,C_DISPLACEMENT_MID_RETEST,2.5,STRUCTURAL_ATR_BOUNDED,4,VERY_HIGH,36,2,32,2,0,5.88235294117647,0.15624999999999206,-27.000000000000256,-0.794117647058831
XAUUSD,C_DISPLACEMENT_MID_RETEST,2.5,STRUCTURAL_ATR_BOUNDED,1,LOW,49,11,35,3,0,23.91304347826087,0.785714285714285,-7.5000000000000275,-0.16304347826087015
XAUUSD,C_DISPLACEMENT_MID_RETEST,2.5,STRUCTURAL_ATR_BOUNDED,0,LOW,20,5,13,2,0,27.77777777777778,0.961538461538453,-0.5000000000001106,-0.02777777777778392
XAUUSD,C_DISPLACEMENT_MID_RETEST,2.5,STRUCTURAL_ATR_BOUNDED,3,HIGH,63,14,44,5,0,24.137931034482758,0.7954545454545318,-9.000000000000606,-0.1551724137931139
