symbol,family,rr,sl_mode,confluence_count,confluence_families,trades,wins,losses,timeout,period_end,wr_pct,pf,closed_r,avg_r_closed
XAUUSD,A_OB_RETEST_SEQUENCE,1.5,STRUCTURAL,1,A,81,26,53,2,0,32.91139240506329,0.7358490566037599,-14.00000000000072,-0.17721518987342683
XAUUSD,A_OB_RETEST_SEQUENCE,1.5,STRUCTURAL,2,A+C,1,0,1,0,0,0.0,0.0,-1.0,-1.0
XAUUSD,A_OB_RETEST_SEQUENCE,1.5,STRUCTURAL_ATR_BOUNDED,1,A,122,45,74,3,0,37.81512605042017,0.9121621621621522,-6.500000000000755,-0.05462184873950214
XAUUSD,A_OB_RETEST_SEQUENCE,1.5,STRUCTURAL_ATR_BOUNDED,2,A+C,1,0,1,0,0,0.0,0.0,-1.0,-1.0
XAUUSD,A_OB_RETEST_SEQUENCE,2.0,STRUCTURAL,1,A,81,19,59,3,0,24.358974358974358,0.6440677966101694,-21.0,-0.2692307692307692
XAUUSD,A_OB_RETEST_SEQUENCE,2.0,STRUCTURAL,2,A+C,1,0,1,0,0,0.0,0.0,-1.0,-1.0
XAUUSD,A_OB_RETEST_SEQUENCE,2.0,STRUCTURAL_ATR_BOUNDED,1,A,122,35,81,6,0,30.17241379310345,0.8641975308641975,-11.0,-0.09482758620689655
XAUUSD,A_OB_RETEST_SEQUENCE,2.0,STRUCTURAL_ATR_BOUNDED,2,A+C,1,0,1,0,0,0.0,0.0,-1.0,-1.0
XAUUSD,A_OB_RETEST_SEQUENCE,2.5,STRUCTURAL,1,A,81,15,61,5,0,19.736842105263158,0.6147540983606579,-23.499999999999872,-0.30921052631578777
XAUUSD,A_OB_RETEST_SEQUENCE,2.5,STRUCTURAL,2,A+C,1,0,1,0,0,0.0,0.0,-1.0,-1.0
XAUUSD,A_OB_RETEST_SEQUENCE,2.5,STRUCTURAL_ATR_BOUNDED,1,A,122,25,87,10,0,22.321428571428573,0.7183908045977019,-24.499999999999932,-0.2187499999999994
XAUUSD,A_OB_RETEST_SEQUENCE,2.5,STRUCTURAL_ATR_BOUNDED,2,A+C,1,0,1,0,0,0.0,0.0,-1.0,-1.0
XAUUSD,B_FVG_RETEST_SEQUENCE,1.5,STRUCTURAL,2,A+B,9,1,8,0,0,11.11111111111111,0.1875,-6.5,-0.7222222222222222
XAUUSD,B_FVG_RETEST_SEQUENCE,1.5,STRUCTURAL,1,B,21,5,15,1,0,25.0,0.4999999999999946,-7.500000000000081,-0.37500000000000405
XAUUSD,B_FVG_RETEST_SEQUENCE,1.5,STRUCTURAL,2,B+C,1,0,1,0,0,0.0,0.0,-1.0,-1.0
XAUUSD,B_FVG_RETEST_SEQUENCE,1.5,STRUCTURAL_ATR_BOUNDED,1,B,28,7,18,3,0,28.000000000000004,0.5833333333333308,-7.500000000000044,-0.30000000000000177
XAUUSD,B_FVG_RETEST_SEQUENCE,1.5,STRUCTURAL_ATR_BOUNDED,2,A+B,11,1,10,0,0,9.090909090909092,0.15,-8.5,-0.7727272727272727
XAUUSD,B_FVG_RETEST_SEQUENCE,1.5,STRUCTURAL_ATR_BOUNDED,2,B+C,1,0,1,0,0,0.0,0.0,-1.0,-1.0
XAUUSD,B_FVG_RETEST_SEQUENCE,2.0,STRUCTURAL,2,A+B,9,1,8,0,0,11.11111111111111,0.25,-6.0,-0.6666666666666666
XAUUSD,B_FVG_RETEST_SEQUENCE,2.0,STRUCTURAL,1,B,21,3,17,1,0,15.0,0.35294117647058826,-11.0,-0.55
XAUUSD,B_FVG_RETEST_SEQUENCE,2.0,STRUCTURAL,2,B+C,1,0,1,0,0,0.0,0.0,-1.0,-1.0
XAUUSD,B_FVG_RETEST_SEQUENCE,2.0,STRUCTURAL_ATR_BOUNDED,1,B,28,5,20,3,0,20.0,0.5,-10.0,-0.4
XAUUSD,B_FVG_RETEST_SEQUENCE,2.0,STRUCTURAL_ATR_BOUNDED,2,A+B,11,1,10,0,0,9.090909090909092,0.2,-8.0,-0.7272727272727273
XAUUSD,B_FVG_RETEST_SEQUENCE,2.0,STRUCTURAL_ATR_BOUNDED,2,B+C,1,0,1,0,0,0.0,0.0,-1.0,-1.0
XAUUSD,B_FVG_RETEST_SEQUENCE,2.5,STRUCTURAL,2,A+B,9,0,9,0,0,0.0,0.0,-9.0,-1.0
XAUUSD,B_FVG_RETEST_SEQUENCE,2.5,STRUCTURAL,1,B,21,3,17,1,0,15.0,0.4411764705882457,-9.499999999999822,-0.4749999999999911
XAUUSD,B_FVG_RETEST_SEQUENCE,2.5,STRUCTURAL,2,B+C,1,0,1,0,0,0.0,0.0,-1.0,-1.0
XAUUSD,B_FVG_RETEST_SEQUENCE,2.5,STRUCTURAL_ATR_BOUNDED,1,B,28,5,20,3,0,20.0,0.6250000000000071,-7.499999999999859,-0.2999999999999943
XAUUSD,B_FVG_RETEST_SEQUENCE,2.5,STRUCTURAL_ATR_BOUNDED,2,A+B,11,0,11,0,0,0.0,0.0,-11.0,-1.0
XAUUSD,B_FVG_RETEST_SEQUENCE,2.5,STRUCTURAL_ATR_BOUNDED,2,B+C,1,0,1,0,0,0.0,0.0,-1.0,-1.0
XAUUSD,C_DISPLACEMENT_MID_RETEST,1.5,STRUCTURAL,1,C,72,29,43,0,0,40.27777777777778,1.0116279069767367,0.4999999999996625,0.006944444444439757
XAUUSD,C_DISPLACEMENT_MID_RETEST,1.5,STRUCTURAL,2,A+C,33,8,24,1,0,25.0,0.5000000000000089,-11.999999999999787,-0.37499999999999334
XAUUSD,C_DISPLACEMENT_MID_RETEST,1.5,STRUCTURAL,2,B+C,5,0,5,0,0,0.0,0.0,-5.0,-1.0
XAUUSD,C_DISPLACEMENT_MID_RETEST,1.5,STRUCTURAL,3,A+B+C,3,1,2,0,0,33.33333333333333,0.75,-0.5,-0.16666666666666666
XAUUSD,C_DISPLACEMENT_MID_RETEST,1.5,STRUCTURAL_ATR_BOUNDED,2,A+C,46,14,31,1,0,31.11111111111111,0.6774193548387152,-9.99999999999983,-0.22222222222221844
XAUUSD,C_DISPLACEMENT_MID_RETEST,1.5,STRUCTURAL_ATR_BOUNDED,1,C,106,41,64,1,0,39.04761904761905,0.9609375000000042,-2.499999999999729,-0.02380952380952123
XAUUSD,C_DISPLACEMENT_MID_RETEST,1.5,STRUCTURAL_ATR_BOUNDED,2,B+C,6,1,5,0,0,16.666666666666664,0.3000000000000072,-3.499999999999964,-0.5833333333333274
XAUUSD,C_DISPLACEMENT_MID_RETEST,1.5,STRUCTURAL_ATR_BOUNDED,3,A+B+C,4,1,3,0,0,25.0,0.5,-1.5,-0.375
XAUUSD,C_DISPLACEMENT_MID_RETEST,2.0,STRUCTURAL,1,C,72,25,47,0,0,34.72222222222222,1.0638297872340425,3.0,0.041666666666666664
XAUUSD,C_DISPLACEMENT_MID_RETEST,2.0,STRUCTURAL,2,A+C,33,5,27,1,0,15.625,0.37037037037037035,-17.0,-0.53125
XAUUSD,C_DISPLACEMENT_MID_RETEST,2.0,STRUCTURAL,2,B+C,5,0,5,0,0,0.0,0.0,-5.0,-1.0
XAUUSD,C_DISPLACEMENT_MID_RETEST,2.0,STRUCTURAL,3,A+B+C,3,1,2,0,0,33.33333333333333,1.0,0.0,0.0
XAUUSD,C_DISPLACEMENT_MID_RETEST,2.0,STRUCTURAL_ATR_BOUNDED,2,A+C,46,10,34,2,0,22.727272727272727,0.5882352941176471,-14.0,-0.3181818181818182
XAUUSD,C_DISPLACEMENT_MID_RETEST,2.0,STRUCTURAL_ATR_BOUNDED,1,C,106,35,70,1,0,33.33333333333333,1.0,0.0,0.0
XAUUSD,C_DISPLACEMENT_MID_RETEST,2.0,STRUCTURAL_ATR_BOUNDED,2,B+C,6,1,5,0,0,16.666666666666664,0.4,-3.0,-0.5
XAUUSD,C_DISPLACEMENT_MID_RETEST,2.0,STRUCTURAL_ATR_BOUNDED,3,A+B+C,4,1,3,0,0,25.0,0.6666666666666666,-1.0,-0.25
XAUUSD,C_DISPLACEMENT_MID_RETEST,2.5,STRUCTURAL,1,C,72,18,50,4,0,26.47058823529412,0.8999999999999929,-5.000000000000355,-0.0735294117647111
XAUUSD,C_DISPLACEMENT_MID_RETEST,2.5,STRUCTURAL,2,A+C,33,4,28,1,0,12.5,0.3571428571428555,-18.000000000000046,-0.5625000000000014
XAUUSD,C_DISPLACEMENT_MID_RETEST,2.5,STRUCTURAL,2,B+C,5,0,5,0,0,0.0,0.0,-5.0,-1.0
XAUUSD,C_DISPLACEMENT_MID_RETEST,2.5,STRUCTURAL,3,A+B+C,3,0,3,0,0,0.0,0.0,-3.0,-1.0
XAUUSD,C_DISPLACEMENT_MID_RETEST,2.5,STRUCTURAL_ATR_BOUNDED,2,A+C,46,9,35,2,0,20.454545454545457,0.6428571428571447,-12.49999999999994,-0.28409090909090773
XAUUSD,C_DISPLACEMENT_MID_RETEST,2.5,STRUCTURAL_ATR_BOUNDED,1,C,105,23,74,8,0,23.711340206185564,0.7770270270270198,-16.50000000000054,-0.1701030927835107
XAUUSD,C_DISPLACEMENT_MID_RETEST,2.5,STRUCTURAL_ATR_BOUNDED,2,B+C,6,1,5,0,0,16.666666666666664,0.4999999999999928,-2.500000000000036,-0.4166666666666727
XAUUSD,C_DISPLACEMENT_MID_RETEST,2.5,STRUCTURAL_ATR_BOUNDED,3,A+B+C,4,0,4,0,0,0.0,0.0,-4.0,-1.0
