symbol,family,quality_score,quality_band,candidate_count
XAUUSD,A_OB_RETEST_SEQUENCE,2,MEDIUM,38
XAUUSD,C_DISPLACEMENT_MID_RETEST,2,MEDIUM,53
XAUUSD,A_OB_RETEST_SEQUENCE,1,LOW,26
XAUUSD,C_DISPLACEMENT_MID_RETEST,4,VERY_HIGH,40
XAUUSD,A_OB_RETEST_SEQUENCE,3,HIGH,54
XAUUSD,C_DISPLACEMENT_MID_RETEST,1,LOW,39
XAUUSD,A_OB_RETEST_SEQUENCE,0,LOW,8
XAUUSD,B_FVG_RETEST_SEQUENCE,3,HIGH,22
XAUUSD,A_OB_RETEST_SEQUENCE,4,VERY_HIGH,52
XAUUSD,C_DISPLACEMENT_MID_RETEST,0,LOW,17
XAUUSD,B_FVG_RETEST_SEQUENCE,2,MEDIUM,9
XAUUSD,B_FVG_RETEST_SEQUENCE,4,VERY_HIGH,12
XAUUSD,C_DISPLACEMENT_MID_RETEST,3,HIGH,63
XAUUSD,B_FVG_RETEST_SEQUENCE,0,LOW,3
XAUUSD,B_FVG_RETEST_SEQUENCE,1,LOW,6
