symbol,family,feature,n_closed,spearman_with_win,spearman_with_r
XAUUSD,A_OB_RETEST_SEQUENCE,sweep_penetration_atr,109,0.14051252522024413,0.1262758396252779
XAUUSD,A_OB_RETEST_SEQUENCE,sweep_age_bars,109,-0.046597289993763134,-0.0620231024688117
XAUUSD,A_OB_RETEST_SEQUENCE,displacement_range_atr,109,-0.024980004483598956,-0.014902743619546454
XAUUSD,A_OB_RETEST_SEQUENCE,displacement_body_atr,109,-0.06369901143317734,-0.05527227188421568
XAUUSD,A_OB_RETEST_SEQUENCE,displacement_body_ratio,109,-0.008430771045187614,-0.009259652536704027
XAUUSD,A_OB_RETEST_SEQUENCE,displacement_close_location,109,0.09449233942103288,0.09558729444370884
XAUUSD,A_OB_RETEST_SEQUENCE,bos_distance_atr,109,0.05807851042436757,0.07748642916534278
XAUUSD,A_OB_RETEST_SEQUENCE,fvg_size_atr,24,0.27801921874276636,0.3126326850578877
XAUUSD,A_OB_RETEST_SEQUENCE,ob_size_atr,109,0.21233003811059115,0.2047587708057519
XAUUSD,A_OB_RETEST_SEQUENCE,zone_size_atr,109,0.21233003811059115,0.2047587708057519
XAUUSD,A_OB_RETEST_SEQUENCE,retest_age_bars,109,0.013364155282123858,-0.010329343806259064
XAUUSD,A_OB_RETEST_SEQUENCE,retest_penetration_pct,109,-0.035706781683654536,-0.05610895800830798
XAUUSD,A_OB_RETEST_SEQUENCE,distance_sweep_to_zone_atr,109,-0.08432392672328415,-0.06927597125198119
XAUUSD,A_OB_RETEST_SEQUENCE,distance_entry_to_sweep_atr,109,0.019984003586879167,0.039311444664333284
XAUUSD,A_OB_RETEST_SEQUENCE,distance_entry_to_bos_atr,109,0.05807851042436757,0.07748642916534278
XAUUSD,A_OB_RETEST_SEQUENCE,sweep_reclaim_strength_atr,109,-0.07618901367497681,-0.0707740363780264
XAUUSD,A_OB_RETEST_SEQUENCE,sweep_wick_ratio,109,-0.014382173805644688,0.000762362039915694
XAUUSD,A_OB_RETEST_SEQUENCE,sweep_to_bos_bars,109,-0.03493801131323379,-0.042358387242143004
XAUUSD,A_OB_RETEST_SEQUENCE,sweep_to_bos_move_atr,109,-0.09429951692558607,-0.11774958923738564
XAUUSD,A_OB_RETEST_SEQUENCE,bos_break_strength_atr,109,-0.07868701412333672,-0.08473066291579097
XAUUSD,A_OB_RETEST_SEQUENCE,displacement_expansion_ratio,109,-0.01935950347478919,-0.004086777927223483
XAUUSD,A_OB_RETEST_SEQUENCE,pre_displacement_compression,109,0.062450011208997395,0.06893778547373967
XAUUSD,A_OB_RETEST_SEQUENCE,sequence_age_bars,109,-0.046597289993763134,-0.0620231024688117
XAUUSD,A_OB_RETEST_SEQUENCE,nearest_liquidity_distance_atr,109,0.0287270051561388,0.010530451070010096
XAUUSD,A_OB_RETEST_SEQUENCE,opposing_liquidity_distance_atr,109,0.11365902040037525,0.14546130257951745
XAUUSD,A_OB_RETEST_SEQUENCE,liquidity_asymmetry,109,0.11303452028828528,0.1535396868931935
XAUUSD,A_OB_RETEST_SEQUENCE,m5_trend_strength,109,0.000624500112089974,-0.02499092694126798
XAUUSD,A_OB_RETEST_SEQUENCE,m15_trend_strength,109,-0.1311450235388945,-0.13704701871017927
XAUUSD,A_OB_RETEST_SEQUENCE,mtf_trend_consistency,109,0.04121700739793828,-0.0062141417797507755
XAUUSD,A_OB_RETEST_SEQUENCE,rsi14,109,-0.08180951468378658,-0.09572017671187275
XAUUSD,A_OB_RETEST_SEQUENCE,macd_line,109,-0.03184950571658867,-0.028937746720298876
XAUUSD,A_OB_RETEST_SEQUENCE,macd_signal,109,-0.02123300381105911,-0.015205053219642436
XAUUSD,A_OB_RETEST_SEQUENCE,macd_hist,109,-0.07931151423542669,-0.09071527333250592
XAUUSD,A_OB_RETEST_SEQUENCE,adx14,109,-0.06557251176944726,-0.051795711483111864
XAUUSD,A_OB_RETEST_SEQUENCE,plus_di14,109,-0.016861503026429296,-0.0316025498618857
XAUUSD,A_OB_RETEST_SEQUENCE,minus_di14,109,-0.008743001569259634,-0.02383767180016108
XAUUSD,A_OB_RETEST_SEQUENCE,stoch_k14,109,-0.08180951468378658,-0.1063346026707984
XAUUSD,A_OB_RETEST_SEQUENCE,bb_percent_b,109,-0.0405925072858483,-0.060098028833896006
XAUUSD,A_OB_RETEST_SEQUENCE,bb_width_atr,109,-0.06682151199362721,-0.086919608353523
XAUUSD,A_OB_RETEST_SEQUENCE,ret_1,109,-0.16486802959175312,-0.1754123462927307
XAUUSD,A_OB_RETEST_SEQUENCE,ret_3,109,0.12427552230590481,0.1092961170865535
XAUUSD,A_OB_RETEST_SEQUENCE,ret_5,109,-0.10928751961574543,-0.11182096207994772
XAUUSD,A_OB_RETEST_SEQUENCE,ret_15,109,0.08056051445960663,0.05937584478922227
XAUUSD,A_OB_RETEST_SEQUENCE,ret_30,109,-0.0405925072858483,-0.03056685956526057
XAUUSD,A_OB_RETEST_SEQUENCE,ret_5_atr,109,-0.12802252297844466,-0.1303850108562122
XAUUSD,A_OB_RETEST_SEQUENCE,ret_15_atr,109,0.0811850145716966,0.055193895321227836
XAUUSD,A_OB_RETEST_SEQUENCE,range_atr,109,0.04433950795838815,0.056906983055105075
XAUUSD,A_OB_RETEST_SEQUENCE,body_atr,109,-0.06369901143317734,-0.05527227188421568
XAUUSD,A_OB_RETEST_SEQUENCE,upper_wick_ratio,109,0.1388829920550873,0.1476768944030038
XAUUSD,A_OB_RETEST_SEQUENCE,lower_wick_ratio,109,0.06427612497148841,0.05385387878129877
XAUUSD,A_OB_RETEST_SEQUENCE,dist_ema20_atr,109,-0.10241801838275572,-0.11821425028938502
XAUUSD,A_OB_RETEST_SEQUENCE,dist_ema50_atr,109,-0.06494801165735728,-0.06208543453823071
XAUUSD,A_OB_RETEST_SEQUENCE,dist_ema200_atr,109,-0.038094506837488405,-0.03761515190823916
XAUUSD,A_OB_RETEST_SEQUENCE,ema20_50_gap_atr,109,-0.02435550437150898,-0.011498961455502787
XAUUSD,A_OB_RETEST_SEQUENCE,ema50_200_gap_atr,109,-0.018735003362699218,-0.015876852330966848
XAUUSD,A_OB_RETEST_SEQUENCE,ema20_slope_5_atr,109,-0.09367501681349609,-0.09559701354146329
XAUUSD,A_OB_RETEST_SEQUENCE,ema50_slope_10_atr,109,-0.01748600313851927,-0.0016962927560941305
XAUUSD,A_OB_RETEST_SEQUENCE,dist_vwap60_atr,109,-0.056205010088097654,-0.059521401263342565
XAUUSD,A_OB_RETEST_SEQUENCE,volume_z50,109,0.16361902936757317,0.19598619407704068
XAUUSD,A_OB_RETEST_SEQUENCE,atr_regime_ratio,109,-0.08056051445960663,-0.06055149323403999
XAUUSD,A_OB_RETEST_SEQUENCE,range_10_atr,109,0.004371500784629817,-0.010737589129335125
XAUUSD,A_OB_RETEST_SEQUENCE,range_30_atr,109,-0.051833509303467834,-0.05406303348383174
XAUUSD,A_OB_RETEST_SEQUENCE,rsi14_slope_3,109,0.13364302398725442,0.11782796580037348
XAUUSD,A_OB_RETEST_SEQUENCE,macd_hist_slope_3,109,-0.004371500784629817,-0.010177756536564784
XAUUSD,A_OB_RETEST_SEQUENCE,adx_slope_3,109,-0.17486003138519268,-0.16304004599250613
XAUUSD,A_OB_RETEST_SEQUENCE,trend_efficiency_20,109,-0.061513403551924445,-0.06319964781550894
XAUUSD,A_OB_RETEST_SEQUENCE,realized_vol_ratio_30_120,109,-0.044964008070478116,-0.03996644879787458
XAUUSD,A_OB_RETEST_SEQUENCE,atr_vs_median_100,109,-0.10741401927947551,-0.09313934845920148
XAUUSD,A_OB_RETEST_SEQUENCE,range_expansion_10_30,109,0.0540205112280087,0.045431467446954206
XAUUSD,A_OB_RETEST_SEQUENCE,close_location_3,108,0.0009518780056952999,-0.01964259145864524
XAUUSD,A_OB_RETEST_SEQUENCE,distance_high_60_atr,109,0.07618901367497681,0.08121491423319324
XAUUSD,A_OB_RETEST_SEQUENCE,distance_low_60_atr,109,0.053082509527647787,0.05603364421038334
XAUUSD,A_OB_RETEST_SEQUENCE,utc_hour_sin,109,-0.18368099394731477,-0.18945514504421163
XAUUSD,A_OB_RETEST_SEQUENCE,utc_hour_cos,109,0.005317968289303855,-0.015280560621370152
XAUUSD,A_OB_RETEST_SEQUENCE,day_of_week_sin,109,0.17999795450386644,0.15595176925953913
XAUUSD,A_OB_RETEST_SEQUENCE,day_of_week_cos,109,0.2853159066071925,0.28867814019126803
XAUUSD,A_OB_RETEST_SEQUENCE,side_adjusted_ret_5,109,0.04933550885510794,0.07014702387412362
XAUUSD,A_OB_RETEST_SEQUENCE,side_adjusted_ret_15,109,0.06807051221780716,0.0742338018013471
XAUUSD,A_OB_RETEST_SEQUENCE,side_adjusted_macd_hist,109,0.05682951020018762,0.05312811305390528
XAUUSD,A_OB_RETEST_SEQUENCE,side_adjusted_di_gap,109,0.06494801165735728,0.094130252148405
XAUUSD,A_OB_RETEST_SEQUENCE,utc_hour,109,0.13412878043542395,0.1364845935140103
XAUUSD,A_OB_RETEST_SEQUENCE,day_of_week,109,-0.2853159066071925,-0.28867814019126803
XAUUSD,A_OB_RETEST_SEQUENCE,ob_body_quality,109,-0.08962324122911118,-0.08519403219909959
XAUUSD,A_OB_RETEST_SEQUENCE,ob_to_bos_distance_atr,109,0.03559650638912851,0.009752283766059324
XAUUSD,A_OB_RETEST_SEQUENCE,session_minutes,109,-0.03028881681339097,-0.05558120995990185
XAUUSD,A_OB_RETEST_SEQUENCE,risk_atr,109,0.07056851266616705,0.09956622662420499
XAUUSD,A_OB_RETEST_SEQUENCE,day_range_atr,109,0.04184150751002825,0.035672532811326076
XAUUSD,A_OB_RETEST_SEQUENCE,day_discount_aligned,109,-0.008743001569259634,-0.02439750439293142
XAUUSD,A_OB_RETEST_SEQUENCE,day_open_move_atr,109,-0.02060850369896914,-0.0186032370577584
XAUUSD,A_OB_RETEST_SEQUENCE,asia_range_atr,109,0.006245001120899739,0.024078399815052328
XAUUSD,A_OB_RETEST_SEQUENCE,asia_discount_aligned,109,-0.09618549696087379,-0.1101445584834491
XAUUSD,A_OB_RETEST_SEQUENCE,first_liquidity_target_r,109,-0.1149080206245552,-0.08962919810253146
XAUUSD,A_OB_RETEST_SEQUENCE,activity_ratio_60_1440,109,0.17111303071265285,0.15823668234653662
XAUUSD,B_FVG_RETEST_SEQUENCE,sweep_penetration_atr,38,-0.138293984040441,-0.1454502972828781
XAUUSD,B_FVG_RETEST_SEQUENCE,sweep_age_bars,38,0.331356248729343,0.32127641551752256
XAUUSD,B_FVG_RETEST_SEQUENCE,displacement_range_atr,38,-0.03104558825397655,-0.023383819280058258
XAUUSD,B_FVG_RETEST_SEQUENCE,displacement_body_atr,38,-0.11571537440118533,-0.13103762879579817
XAUUSD,B_FVG_RETEST_SEQUENCE,displacement_body_ratio,38,-0.07055815512267397,-0.09074098425028897
XAUUSD,B_FVG_RETEST_SEQUENCE,displacement_close_location,38,-0.14676899269169866,-0.10780677589422918
XAUUSD,B_FVG_RETEST_SEQUENCE,bos_distance_atr,38,-0.06491350271286006,-0.0186776418148893
XAUUSD,B_FVG_RETEST_SEQUENCE,fvg_size_atr,38,-0.31327820874467244,-0.3286970823328944
XAUUSD,B_FVG_RETEST_SEQUENCE,ob_size_atr,38,0.15522794126988274,0.13339071752838264
XAUUSD,B_FVG_RETEST_SEQUENCE,zone_size_atr,38,-0.31327820874467244,-0.3286970823328944
XAUUSD,B_FVG_RETEST_SEQUENCE,retest_age_bars,38,0.1308184495608321,0.11425537958751426
XAUUSD,B_FVG_RETEST_SEQUENCE,retest_penetration_pct,38,0.25670373387926926,0.23061128763813965
XAUUSD,B_FVG_RETEST_SEQUENCE,distance_sweep_to_zone_atr,38,0.15522794126988274,0.10750674146995338
XAUUSD,B_FVG_RETEST_SEQUENCE,distance_entry_to_sweep_atr,38,-0.2398977274170915,-0.24986860979131434
XAUUSD,B_FVG_RETEST_SEQUENCE,distance_entry_to_bos_atr,38,-0.06491350271286006,-0.0186776418148893
XAUUSD,B_FVG_RETEST_SEQUENCE,sweep_reclaim_strength_atr,38,0.15522794126988274,0.16721636805928453
XAUUSD,B_FVG_RETEST_SEQUENCE,sweep_wick_ratio,38,0.18365226782835717,0.1989066950806326
XAUUSD,B_FVG_RETEST_SEQUENCE,sweep_to_bos_bars,38,0.3556537449013316,0.3768313965090219
XAUUSD,B_FVG_RETEST_SEQUENCE,sweep_to_bos_move_atr,38,-0.09313676476192966,-0.13927343935984385
XAUUSD,B_FVG_RETEST_SEQUENCE,bos_break_strength_atr,38,0.20038516054839406,0.16045123795310415
XAUUSD,B_FVG_RETEST_SEQUENCE,displacement_expansion_ratio,38,-0.11007072199137141,-0.11838977685815659
XAUUSD,B_FVG_RETEST_SEQUENCE,pre_displacement_compression,38,-0.16651724608951057,-0.18927657492726402
XAUUSD,B_FVG_RETEST_SEQUENCE,sequence_age_bars,38,0.331356248729343,0.32127641551752256
XAUUSD,B_FVG_RETEST_SEQUENCE,nearest_liquidity_distance_atr,38,0.06491350271286006,0.043973345690172444
XAUUSD,B_FVG_RETEST_SEQUENCE,opposing_liquidity_distance_atr,38,0.042334893073604385,0.014853872624439523
XAUUSD,B_FVG_RETEST_SEQUENCE,liquidity_asymmetry,38,-0.08749211235211572,-0.10838914974467255
XAUUSD,B_FVG_RETEST_SEQUENCE,m5_trend_strength,38,0.02540093584416263,-0.01926591399803542
XAUUSD,B_FVG_RETEST_SEQUENCE,m15_trend_strength,38,-0.2398977274170915,-0.26869331965199017
XAUUSD,B_FVG_RETEST_SEQUENCE,mtf_trend_consistency,38,-0.14958328886006883,-0.1945710245755791
XAUUSD,B_FVG_RETEST_SEQUENCE,rsi14,38,0.008466978614720877,0.0486795231553414
XAUUSD,B_FVG_RETEST_SEQUENCE,macd_line,38,0.1778065509091384,0.17868767563063384
XAUUSD,B_FVG_RETEST_SEQUENCE,macd_signal,38,0.16087259367969664,0.1586864214036658
XAUUSD,B_FVG_RETEST_SEQUENCE,macd_hist,38,-0.11571537440118533,-0.11309532720984153
XAUUSD,B_FVG_RETEST_SEQUENCE,adx14,38,-0.047979545483418304,-0.04779711488062222
XAUUSD,B_FVG_RETEST_SEQUENCE,plus_di14,38,0.18345120331895232,0.16633395978456536
XAUUSD,B_FVG_RETEST_SEQUENCE,minus_di14,38,-0.18909585572876625,-0.2451624323261454
XAUUSD,B_FVG_RETEST_SEQUENCE,stoch_k14,38,-0.11007072199137141,-0.09309407298287344
XAUUSD,B_FVG_RETEST_SEQUENCE,bb_percent_b,38,-0.05926885030304614,-0.02544277192106968
XAUUSD,B_FVG_RETEST_SEQUENCE,bb_width_atr,38,0.19474050813858015,0.14280307245872056
XAUUSD,B_FVG_RETEST_SEQUENCE,ret_1,38,-0.19474050813858015,-0.1813349004547914
XAUUSD,B_FVG_RETEST_SEQUENCE,ret_3,38,-0.08184745994230182,-0.04044371259129573
XAUUSD,B_FVG_RETEST_SEQUENCE,ret_5,38,-0.07620280753248788,-0.053091564528937304
XAUUSD,B_FVG_RETEST_SEQUENCE,ret_15,38,-0.11007072199137141,-0.11338946330141458
XAUUSD,B_FVG_RETEST_SEQUENCE,ret_30,38,0.16087259367969664,0.18721762228625263
XAUUSD,B_FVG_RETEST_SEQUENCE,ret_5_atr,38,-0.11571537440118533,-0.0801520849536588
XAUUSD,B_FVG_RETEST_SEQUENCE,ret_15_atr,38,-0.06491350271286006,-0.06397459991714052
XAUUSD,B_FVG_RETEST_SEQUENCE,range_atr,38,-0.014111631024534796,-0.048973659246914464
XAUUSD,B_FVG_RETEST_SEQUENCE,body_atr,38,-0.11571537440118533,-0.13103762879579817
XAUUSD,B_FVG_RETEST_SEQUENCE,upper_wick_ratio,38,0.04799004888667097,0.043982972079449366
XAUUSD,B_FVG_RETEST_SEQUENCE,lower_wick_ratio,38,0.1644524367816827,0.16414871674095965
XAUUSD,B_FVG_RETEST_SEQUENCE,dist_ema20_atr,38,-0.06491350271286006,-0.027207588470508033
XAUUSD,B_FVG_RETEST_SEQUENCE,dist_ema50_atr,38,0.02540093584416263,0.05426810889522954
XAUUSD,B_FVG_RETEST_SEQUENCE,dist_ema200_atr,38,-0.05926885030304614,-0.026325180195788857
XAUUSD,B_FVG_RETEST_SEQUENCE,ema20_50_gap_atr,38,0.08184745994230182,0.09162339252500813
XAUUSD,B_FVG_RETEST_SEQUENCE,ema50_200_gap_atr,38,-0.138293984040441,-0.1139777354845607
XAUUSD,B_FVG_RETEST_SEQUENCE,ema20_slope_5_atr,38,0.09878141717174357,0.08368171805253553
XAUUSD,B_FVG_RETEST_SEQUENCE,ema50_slope_10_atr,38,0.1778065509091384,0.17104013724973433
XAUUSD,B_FVG_RETEST_SEQUENCE,dist_vwap60_atr,38,0.12700467922081315,0.1483916581986087
XAUUSD,B_FVG_RETEST_SEQUENCE,volume_z50,38,-0.03104558825397655,-0.0604449668182638
XAUUSD,B_FVG_RETEST_SEQUENCE,atr_regime_ratio,38,-0.273765641875975,-0.2769291302160359
XAUUSD,B_FVG_RETEST_SEQUENCE,range_10_atr,38,-0.16087259367969664,-0.21398400661940106
XAUUSD,B_FVG_RETEST_SEQUENCE,range_30_atr,38,0.03104558825397655,0.0216190027306199
XAUUSD,B_FVG_RETEST_SEQUENCE,rsi14_slope_3,38,-0.042334893073604385,0.016030416990731763
XAUUSD,B_FVG_RETEST_SEQUENCE,macd_hist_slope_3,38,-0.019756283434348713,0.014265600441293404
XAUUSD,B_FVG_RETEST_SEQUENCE,adx_slope_3,38,-0.07620280753248788,-0.05015020361320671
XAUUSD,B_FVG_RETEST_SEQUENCE,trend_efficiency_20,38,-0.05362419789323223,-0.028089996745227216
XAUUSD,B_FVG_RETEST_SEQUENCE,realized_vol_ratio_30_120,38,-0.16651724608951057,-0.15309783566377766
XAUUSD,B_FVG_RETEST_SEQUENCE,atr_vs_median_100,38,-0.22296377018764976,-0.2260435863738965
XAUUSD,B_FVG_RETEST_SEQUENCE,range_expansion_10_30,38,-0.25118703223671934,-0.29075352651996966
XAUUSD,B_FVG_RETEST_SEQUENCE,close_location_3,38,-0.15522794126988274,-0.0883878955177045
XAUUSD,B_FVG_RETEST_SEQUENCE,distance_high_60_atr,38,0.019756283434348713,-0.005147381602528547
XAUUSD,B_FVG_RETEST_SEQUENCE,distance_low_60_atr,38,0.02540093584416263,0.033678582485115356
XAUUSD,B_FVG_RETEST_SEQUENCE,utc_hour_sin,38,-0.4728833357634509,-0.4875157949405845
XAUUSD,B_FVG_RETEST_SEQUENCE,utc_hour_cos,38,0.22369930254678214,0.18827789175066154
XAUUSD,B_FVG_RETEST_SEQUENCE,day_of_week_sin,38,-0.17779572336810784,-0.13927460151407028
XAUUSD,B_FVG_RETEST_SEQUENCE,day_of_week_cos,38,-0.09035520367887447,-0.08672387945968825
XAUUSD,B_FVG_RETEST_SEQUENCE,side_adjusted_ret_5,38,-0.22860842259746367,-0.2201608645424353
XAUUSD,B_FVG_RETEST_SEQUENCE,side_adjusted_ret_15,38,-0.16651724608951057,-0.21310159834468184
XAUUSD,B_FVG_RETEST_SEQUENCE,side_adjusted_macd_hist,38,0.09313676476192966,0.14309720855029362
XAUUSD,B_FVG_RETEST_SEQUENCE,side_adjusted_di_gap,38,-0.20038516054839406,-0.1972182493997366
XAUUSD,B_FVG_RETEST_SEQUENCE,utc_hour,38,0.3822709600482986,0.3535374832559444
XAUUSD,B_FVG_RETEST_SEQUENCE,day_of_week,38,0.09035520367887447,0.08672387945968825
XAUUSD,B_FVG_RETEST_SEQUENCE,fvg_to_displacement_ratio,38,-0.30763355633485856,-0.3269322657834561
XAUUSD,B_FVG_RETEST_SEQUENCE,fvg_fill_depth,38,0.25670373387926926,0.23061128763813965
XAUUSD,B_FVG_RETEST_SEQUENCE,session_minutes,38,0.1072542638900875,0.13545708130775594
XAUUSD,B_FVG_RETEST_SEQUENCE,risk_atr,38,-0.2398977274170915,-0.24986860979131434
XAUUSD,B_FVG_RETEST_SEQUENCE,day_range_atr,38,-0.02540093584416263,-0.07485763530534374
XAUUSD,B_FVG_RETEST_SEQUENCE,day_discount_aligned,38,-0.18345120331895232,-0.21545468707726634
XAUUSD,B_FVG_RETEST_SEQUENCE,day_open_move_atr,38,-0.11571537440118533,-0.15456851612164296
XAUUSD,B_FVG_RETEST_SEQUENCE,asia_range_atr,38,-0.14958328886006883,-0.18986484711041013
XAUUSD,B_FVG_RETEST_SEQUENCE,asia_discount_aligned,38,0.028277461663981738,-0.006925472254633768
XAUUSD,B_FVG_RETEST_SEQUENCE,first_liquidity_target_r,38,0.08184745994230182,0.03220790202725005
XAUUSD,B_FVG_RETEST_SEQUENCE,activity_ratio_60_1440,38,0.29069959910541676,0.34899247265143557
XAUUSD,C_DISPLACEMENT_MID_RETEST,sweep_penetration_atr,156,0.04523294875518373,0.03669079819435005
XAUUSD,C_DISPLACEMENT_MID_RETEST,sweep_age_bars,156,0.11080881848390059,0.10442977520438347
XAUUSD,C_DISPLACEMENT_MID_RETEST,displacement_range_atr,156,0.16365010363586405,0.19093447508240424
XAUUSD,C_DISPLACEMENT_MID_RETEST,displacement_body_atr,156,-0.09782940079609505,-0.08336496336067488
XAUUSD,C_DISPLACEMENT_MID_RETEST,displacement_body_ratio,156,-0.17987986597991668,-0.17777791078437394
XAUUSD,C_DISPLACEMENT_MID_RETEST,displacement_close_location,156,-0.01341333578485879,-0.01799659511988818
XAUUSD,C_DISPLACEMENT_MID_RETEST,bos_distance_atr,156,-0.14140931820142155,-0.12956033248076054
XAUUSD,C_DISPLACEMENT_MID_RETEST,fvg_size_atr,33,0.2557881152689742,0.2508671332568278
XAUUSD,C_DISPLACEMENT_MID_RETEST,ob_size_atr,156,0.019385549466507314,0.026376968068892555
XAUUSD,C_DISPLACEMENT_MID_RETEST,zone_size_atr,156,0.09166831945177233,0.11463531103146335
XAUUSD,C_DISPLACEMENT_MID_RETEST,retest_age_bars,156,0.1430805558424957,0.15164419145190505
XAUUSD,C_DISPLACEMENT_MID_RETEST,retest_penetration_pct,156,-0.17842855871136418,-0.18618879363073867
XAUUSD,C_DISPLACEMENT_MID_RETEST,distance_sweep_to_zone_atr,156,-0.14411427859209697,-0.15133334797954173
XAUUSD,C_DISPLACEMENT_MID_RETEST,distance_entry_to_sweep_atr,156,-0.1131575096765892,-0.11406987216125859
XAUUSD,C_DISPLACEMENT_MID_RETEST,distance_entry_to_bos_atr,156,-0.14140931820142155,-0.12956033248076054
XAUUSD,C_DISPLACEMENT_MID_RETEST,m15_opposing_distance_atr,16,-0.08134892168199608,0.05702945698552145
XAUUSD,C_DISPLACEMENT_MID_RETEST,sweep_reclaim_strength_atr,156,-0.09181837770570518,-0.07947075551792977
XAUUSD,C_DISPLACEMENT_MID_RETEST,sweep_wick_ratio,156,0.00045228053204638183,0.026325459740956625
XAUUSD,C_DISPLACEMENT_MID_RETEST,sweep_to_bos_bars,156,0.045899079147510506,0.015920047837729785
XAUUSD,C_DISPLACEMENT_MID_RETEST,sweep_to_bos_move_atr,156,0.0052596452040911314,0.0242158141503778
XAUUSD,C_DISPLACEMENT_MID_RETEST,bos_break_strength_atr,156,0.09752884964157554,0.11658214318034872
XAUUSD,C_DISPLACEMENT_MID_RETEST,displacement_expansion_ratio,156,0.18528978676126756,0.2183385076112687
XAUUSD,C_DISPLACEMENT_MID_RETEST,pre_displacement_compression,156,0.039221925664793864,0.04455244151044153
XAUUSD,C_DISPLACEMENT_MID_RETEST,sequence_age_bars,156,0.11080881848390059,0.10442977520438347
XAUUSD,C_DISPLACEMENT_MID_RETEST,nearest_liquidity_distance_atr,156,0.006161298667649611,-0.023939802311957584
XAUUSD,C_DISPLACEMENT_MID_RETEST,opposing_liquidity_distance_atr,156,-0.08220074076108139,-0.0710345569463513
XAUUSD,C_DISPLACEMENT_MID_RETEST,liquidity_asymmetry,156,-0.08535659533673665,-0.062012586335518725
XAUUSD,C_DISPLACEMENT_MID_RETEST,m5_trend_strength,156,-0.030205391029209064,-0.018261844493027406
XAUUSD,C_DISPLACEMENT_MID_RETEST,m15_trend_strength,156,-0.03531476065604045,-0.022037761547878124
XAUUSD,C_DISPLACEMENT_MID_RETEST,mtf_trend_consistency,156,-0.028101532947572616,-0.03841258632925712
XAUUSD,C_DISPLACEMENT_MID_RETEST,rsi14,156,-0.07739192228876951,-0.08860355539599735
XAUUSD,C_DISPLACEMENT_MID_RETEST,macd_line,156,0.033210902574404004,0.04139050997370925
XAUUSD,C_DISPLACEMENT_MID_RETEST,macd_signal,156,0.06026050648115838,0.07181189640965722
XAUUSD,C_DISPLACEMENT_MID_RETEST,macd_hist,156,-0.15523467130931826,-0.16031030443863736
XAUUSD,C_DISPLACEMENT_MID_RETEST,adx14,156,0.03050594218372856,0.04947746907626621
XAUUSD,C_DISPLACEMENT_MID_RETEST,plus_di14,156,-0.010970117139961502,-0.005724898607777151
XAUUSD,C_DISPLACEMENT_MID_RETEST,minus_di14,156,0.07198200150741862,0.08684984752467435
XAUUSD,C_DISPLACEMENT_MID_RETEST,stoch_k14,156,-0.053347829927210044,-0.0831471581004249
XAUUSD,C_DISPLACEMENT_MID_RETEST,bb_percent_b,156,-0.11195530505851121,-0.12176628390060872
XAUUSD,C_DISPLACEMENT_MID_RETEST,bb_width_atr,156,0.04072468143739133,0.02207719181050959
XAUUSD,C_DISPLACEMENT_MID_RETEST,ret_1,156,-0.12397735123929096,-0.11622163792200393
XAUUSD,C_DISPLACEMENT_MID_RETEST,ret_3,156,-0.03681754552376845,-0.035513551274714665
XAUUSD,C_DISPLACEMENT_MID_RETEST,ret_5,156,-0.06657208072606775,-0.08438639492598506
XAUUSD,C_DISPLACEMENT_MID_RETEST,ret_15,156,-0.03651696527411842,-0.007748985422858739
XAUUSD,C_DISPLACEMENT_MID_RETEST,ret_30,156,-0.055151136854327,-0.044875394137708725
XAUUSD,C_DISPLACEMENT_MID_RETEST,ret_5_atr,156,-0.06747373418962622,-0.09488423294372268
XAUUSD,C_DISPLACEMENT_MID_RETEST,ret_15_atr,156,-0.07889467806136696,-0.05910596368455786
XAUUSD,C_DISPLACEMENT_MID_RETEST,range_atr,156,-0.0728836549709771,-0.05698236239712067
XAUUSD,C_DISPLACEMENT_MID_RETEST,body_atr,156,-0.09782940079609505,-0.08336496336067488
XAUUSD,C_DISPLACEMENT_MID_RETEST,upper_wick_ratio,156,0.05733797359973011,0.019745817647432596
XAUUSD,C_DISPLACEMENT_MID_RETEST,lower_wick_ratio,156,0.035364648767204764,0.06175748695530958
XAUUSD,C_DISPLACEMENT_MID_RETEST,dist_ema20_atr,156,-0.10985144697687477,-0.12123491417086094
XAUUSD,C_DISPLACEMENT_MID_RETEST,dist_ema50_atr,156,0.00706295213120809,-0.0043316959947989125
XAUUSD,C_DISPLACEMENT_MID_RETEST,dist_ema200_atr,156,0.018483896002948832,-0.0017105223455837926
XAUUSD,C_DISPLACEMENT_MID_RETEST,ema20_50_gap_atr,156,0.09662719617801706,0.08973013432832476
XAUUSD,C_DISPLACEMENT_MID_RETEST,ema50_200_gap_atr,156,0.004959094049571637,-0.015319595848098973
XAUUSD,C_DISPLACEMENT_MID_RETEST,ema20_slope_5_atr,156,-0.09602609386897809,-0.10198355784893931
XAUUSD,C_DISPLACEMENT_MID_RETEST,ema50_slope_10_atr,156,0.06266491571731433,0.06873258066129562
XAUUSD,C_DISPLACEMENT_MID_RETEST,dist_vwap60_atr,156,0.01668058907583187,0.0055427683470508846
XAUUSD,C_DISPLACEMENT_MID_RETEST,volume_z50,156,0.08490570115175683,0.10308760520262016
XAUUSD,C_DISPLACEMENT_MID_RETEST,atr_regime_ratio,156,0.013675077530636941,-0.0046058302016652505
XAUUSD,C_DISPLACEMENT_MID_RETEST,range_10_atr,156,0.1359993974200707,0.15777737947245454
XAUUSD,C_DISPLACEMENT_MID_RETEST,range_30_atr,156,0.05485058569980751,0.028714619353471946
XAUUSD,C_DISPLACEMENT_MID_RETEST,rsi14_slope_3,156,-0.014877282148714912,-0.012612051147405419
XAUUSD,C_DISPLACEMENT_MID_RETEST,macd_hist_slope_3,156,-0.003155787122454679,-0.01956867605452721
XAUUSD,C_DISPLACEMENT_MID_RETEST,adx_slope_3,156,-0.09001507077858822,-0.08888332249752533
XAUUSD,C_DISPLACEMENT_MID_RETEST,trend_efficiency_20,156,0.018483896002948832,-0.0044349657302622586
XAUUSD,C_DISPLACEMENT_MID_RETEST,realized_vol_ratio_30_120,156,0.03892137451027437,-0.019266377374352685
XAUUSD,C_DISPLACEMENT_MID_RETEST,atr_vs_median_100,156,-0.005560196358610625,-0.031074802216697884
XAUUSD,C_DISPLACEMENT_MID_RETEST,range_expansion_10_30,156,0.033211427486132025,0.06448639730386553
XAUUSD,C_DISPLACEMENT_MID_RETEST,close_location_3,155,-0.10213373639222013,-0.09259597507212357
XAUUSD,C_DISPLACEMENT_MID_RETEST,distance_high_60_atr,156,-0.027199879484014134,-0.0060196867617361574
XAUUSD,C_DISPLACEMENT_MID_RETEST,distance_low_60_atr,156,0.06777428534414573,0.046178470436100766
XAUUSD,C_DISPLACEMENT_MID_RETEST,utc_hour_sin,156,-0.07995819108152204,-0.09604093500850867
XAUUSD,C_DISPLACEMENT_MID_RETEST,utc_hour_cos,156,-0.012044329510590434,0.0027887482686058777
XAUUSD,C_DISPLACEMENT_MID_RETEST,day_of_week_sin,156,0.028895304407377143,0.028371969844971374
XAUUSD,C_DISPLACEMENT_MID_RETEST,day_of_week_cos,156,-0.05348705283918748,-0.05649236746510917
XAUUSD,C_DISPLACEMENT_MID_RETEST,side_adjusted_ret_5,156,-0.013374526376117447,0.003984334157331293
XAUUSD,C_DISPLACEMENT_MID_RETEST,side_adjusted_ret_15,156,0.023593265629780216,0.03868672053612345
XAUUSD,C_DISPLACEMENT_MID_RETEST,side_adjusted_macd_hist,156,0.03621641411959893,0.01682921161741771
XAUUSD,C_DISPLACEMENT_MID_RETEST,side_adjusted_di_gap,156,-0.002554684813415692,0.028352236463573294
XAUUSD,C_DISPLACEMENT_MID_RETEST,utc_hour,156,0.04829765588075617,0.05742639521262434
XAUUSD,C_DISPLACEMENT_MID_RETEST,day_of_week,156,0.05348705283918748,0.05649236746510917
XAUUSD,C_DISPLACEMENT_MID_RETEST,midpoint_retest_depth,156,0.06011426899756677,0.06696271697165891
XAUUSD,C_DISPLACEMENT_MID_RETEST,session_minutes,156,-0.07198285478081505,-0.06972385780156969
XAUUSD,C_DISPLACEMENT_MID_RETEST,risk_atr,156,-0.1131575096765892,-0.11406987216125859
XAUUSD,C_DISPLACEMENT_MID_RETEST,day_range_atr,156,0.016981140230351365,0.03044016275148677
XAUUSD,C_DISPLACEMENT_MID_RETEST,day_discount_aligned,156,0.06837538765318471,0.058784888688844544
XAUUSD,C_DISPLACEMENT_MID_RETEST,day_open_move_atr,156,0.027800981793053122,0.016279065572131157
XAUUSD,C_DISPLACEMENT_MID_RETEST,asia_range_atr,156,-0.0010519290408182262,0.007889807789399668
XAUUSD,C_DISPLACEMENT_MID_RETEST,asia_discount_aligned,156,0.0487002951233373,0.03295612782700861
XAUUSD,C_DISPLACEMENT_MID_RETEST,first_liquidity_target_r,156,-0.04252798836450829,-0.011292076165028463
XAUUSD,C_DISPLACEMENT_MID_RETEST,activity_ratio_60_1440,156,0.020587754084585283,0.027032261481196335
