symbol,family,filter_profile,rr,sl_mode,candidates,skipped_market_closure,trades,wins,losses,timeout,period_end,wr_pct,pf,total_r,closed_r,avg_r,max_dd_r,model_version
XAUUSD,A_OB_RETEST_SEQUENCE,V15_QUALITY_PRESERVING_EXPANDED,1.5,STRUCTURAL,233,3,109,35,72,2,0,32.71028037383177,0.7291666666666586,-18.698518505805993,-19.500000000000572,-0.18224299065421096,21.698518505805804,V15
XAUUSD,A_OB_RETEST_SEQUENCE,V15_QUALITY_PRESERVING_EXPANDED,1.5,STRUCTURAL_ATR_BOUNDED,233,3,165,58,104,3,0,35.80246913580247,0.8365384615384579,-16.26864129875843,-17.000000000000384,-0.10493827160494064,23.69851850580521,V15
XAUUSD,A_OB_RETEST_SEQUENCE,V15_QUALITY_PRESERVING_EXPANDED,2.0,STRUCTURAL,233,3,109,26,79,4,0,24.761904761904763,0.6582278481012658,-26.365288483144198,-27.0,-0.2571428571428571,29.365288483144198,V15
XAUUSD,A_OB_RETEST_SEQUENCE,V15_QUALITY_PRESERVING_EXPANDED,2.0,STRUCTURAL_ATR_BOUNDED,233,3,165,46,112,7,0,29.11392405063291,0.8214285714285714,-17.818590664150893,-20.0,-0.12658227848101267,24.581697893859484,V15
XAUUSD,A_OB_RETEST_SEQUENCE,V15_QUALITY_PRESERVING_EXPANDED,2.5,STRUCTURAL,233,3,109,22,81,6,0,21.35922330097087,0.679012345679011,-23.53253880760964,-26.000000000000107,-0.25242718446602047,29.4027213165685,V15
XAUUSD,A_OB_RETEST_SEQUENCE,V15_QUALITY_PRESERVING_EXPANDED,2.5,STRUCTURAL_ATR_BOUNDED,233,3,165,35,119,11,0,22.727272727272727,0.7352941176470552,-24.369116963847667,-31.500000000000412,-0.20454545454545722,38.24867516613027,V15
XAUUSD,B_FVG_RETEST_SEQUENCE,V15_QUALITY_PRESERVING_EXPANDED,1.5,STRUCTURAL,69,2,38,8,28,2,0,22.22222222222222,0.4285714285714257,-16.246768508300942,-16.00000000000008,-0.4444444444444467,17.74676850830086,V15
XAUUSD,B_FVG_RETEST_SEQUENCE,V15_QUALITY_PRESERVING_EXPANDED,1.5,STRUCTURAL_ATR_BOUNDED,69,2,49,10,35,4,0,22.22222222222222,0.42857142857142727,-20.038536617419286,-20.000000000000043,-0.4444444444444454,22.64970574517843,V15
XAUUSD,B_FVG_RETEST_SEQUENCE,V15_QUALITY_PRESERVING_EXPANDED,2.0,STRUCTURAL,69,2,38,5,31,2,0,13.88888888888889,0.3225806451612903,-21.24676850830086,-21.0,-0.5833333333333334,22.24676850830086,V15
XAUUSD,B_FVG_RETEST_SEQUENCE,V15_QUALITY_PRESERVING_EXPANDED,2.0,STRUCTURAL_ATR_BOUNDED,69,2,49,7,38,4,0,15.555555555555555,0.3684210526315789,-24.03853661741924,-24.0,-0.5333333333333333,27.649705745178466,V15
XAUUSD,B_FVG_RETEST_SEQUENCE,V15_QUALITY_PRESERVING_EXPANDED,2.5,STRUCTURAL,69,2,38,4,32,2,0,11.11111111111111,0.31250000000000555,-22.246768508300683,-21.999999999999822,-0.6111111111111062,23.74676850830086,V15
XAUUSD,B_FVG_RETEST_SEQUENCE,V15_QUALITY_PRESERVING_EXPANDED,2.5,STRUCTURAL_ATR_BOUNDED,69,2,49,6,39,4,0,13.333333333333334,0.38461538461538824,-24.038536617419098,-23.999999999999858,-0.5333333333333302,28.6497057451785,V15
XAUUSD,C_DISPLACEMENT_MID_RETEST,V15_QUALITY_PRESERVING_EXPANDED,1.5,STRUCTURAL,296,4,156,53,102,1,0,34.193548387096776,0.7794117647058902,-21.275634514078696,-22.49999999999919,-0.1451612903225754,27.50000000000031,V15
XAUUSD,C_DISPLACEMENT_MID_RETEST,V15_QUALITY_PRESERVING_EXPANDED,1.5,STRUCTURAL_ATR_BOUNDED,296,4,228,77,149,2,0,34.070796460176986,0.775167785234909,-31.776894730707323,-33.49999999999855,-0.14823008849556882,34.77689473070737,V15
XAUUSD,C_DISPLACEMENT_MID_RETEST,V15_QUALITY_PRESERVING_EXPANDED,2.0,STRUCTURAL,296,4,156,42,113,1,0,27.09677419354839,0.7433628318584071,-27.775634514079506,-29.0,-0.1870967741935484,34.0,V15
XAUUSD,C_DISPLACEMENT_MID_RETEST,V15_QUALITY_PRESERVING_EXPANDED,2.0,STRUCTURAL_ATR_BOUNDED,296,4,228,62,162,4,0,27.67857142857143,0.7654320987654321,-33.8978321158273,-38.0,-0.16964285714285715,39.8978321158273,V15
XAUUSD,C_DISPLACEMENT_MID_RETEST,V15_QUALITY_PRESERVING_EXPANDED,2.5,STRUCTURAL,296,4,156,32,118,6,0,21.333333333333336,0.6779661016949066,-33.46791724865616,-38.00000000000101,-0.25333333333334007,38.47491025564806,V15
XAUUSD,C_DISPLACEMENT_MID_RETEST,V15_QUALITY_PRESERVING_EXPANDED,2.5,STRUCTURAL_ATR_BOUNDED,296,4,227,45,169,13,0,21.02803738317757,0.6656804733727745,-43.30460291620196,-56.50000000000112,-0.26401869158879027,50.81159592319453,V15
