symbol,family,rr,sl_mode,side,confluence_families,trades,wins,losses,timeout,period_end,wr_pct,pf,closed_r,avg_r_closed
XAUUSD,C_DISPLACEMENT_MID_RETEST,1.5,STRUCTURAL,SELL,A+B+C,1,1,0,0,0,100.0,inf,1.5,1.5
XAUUSD,C_DISPLACEMENT_MID_RETEST,1.5,STRUCTURAL,BUY,A+B+C,2,0,2,0,0,0.0,0.0,-2.0,-1.0
XAUUSD,C_DISPLACEMENT_MID_RETEST,1.5,STRUCTURAL_ATR_BOUNDED,BUY,A+B+C,3,0,3,0,0,0.0,0.0,-3.0,-1.0
XAUUSD,C_DISPLACEMENT_MID_RETEST,1.5,STRUCTURAL_ATR_BOUNDED,SELL,A+B+C,1,1,0,0,0,100.0,inf,1.5,1.5
XAUUSD,C_DISPLACEMENT_MID_RETEST,2.0,STRUCTURAL,SELL,A+B+C,1,1,0,0,0,100.0,inf,2.0,2.0
XAUUSD,C_DISPLACEMENT_MID_RETEST,2.0,STRUCTURAL,BUY,A+B+C,2,0,2,0,0,0.0,0.0,-2.0,-1.0
XAUUSD,C_DISPLACEMENT_MID_RETEST,2.0,STRUCTURAL_ATR_BOUNDED,BUY,A+B+C,3,0,3,0,0,0.0,0.0,-3.0,-1.0
XAUUSD,C_DISPLACEMENT_MID_RETEST,2.0,STRUCTURAL_ATR_BOUNDED,SELL,A+B+C,1,1,0,0,0,100.0,inf,2.0,2.0
XAUUSD,C_DISPLACEMENT_MID_RETEST,2.5,STRUCTURAL,SELL,A+B+C,1,0,1,0,0,0.0,0.0,-1.0,-1.0
XAUUSD,C_DISPLACEMENT_MID_RETEST,2.5,STRUCTURAL,BUY,A+B+C,2,0,2,0,0,0.0,0.0,-2.0,-1.0
XAUUSD,C_DISPLACEMENT_MID_RETEST,2.5,STRUCTURAL_ATR_BOUNDED,BUY,A+B+C,3,0,3,0,0,0.0,0.0,-3.0,-1.0
XAUUSD,C_DISPLACEMENT_MID_RETEST,2.5,STRUCTURAL_ATR_BOUNDED,SELL,A+B+C,1,0,1,0,0,0.0,0.0,-1.0,-1.0
